date,close,regime,sub_regime,window_id,label_source
2023-01-19,5422.3701,neutral,,rdp_v1_mult8_atr14_sw8,rdp_v1
2023-01-20,5490.3398,neutral,,rdp_v1_mult8_atr14_sw8,rdp_v1
2023-01-23,5404.4302,neutral,,rdp_v1_mult8_atr14_sw8,rdp_v1
2023-01-24,5366.52,neutral,,rdp_v1_mult8_atr14_sw8,rdp_v1
2023-01-25,5297.77,neutral,,rdp_v1_mult8_atr14_sw8,rdp_v1
2023-01-26,5231.02,neutral,,rdp_v1_mult8_atr14_sw8,rdp_v1
2023-01-27,5191.8301,neutral,,rdp_v1_mult8_atr14_sw8,rdp_v1
2023-01-30,5096.29,neutral,,rdp_v1_mult8_atr14_sw8,rdp_v1
2023-01-31,4976.5498,neutral,,rdp_v1_mult8_atr14_sw8,rdp_v1
2023-02-01,4713.3901,neutral,,rdp_v1_mult8_atr14_sw8,rdp_v1
2023-02-02,4752.2402,neutral,,rdp_v1_mult8_atr14_sw8,rdp_v1
2023-02-03,4997.6299,neutral,,rdp_v1_mult8_atr14_sw8,rdp_v1
2023-02-06,4930.1802,neutral,,rdp_v1_mult8_atr14_sw8,rdp_v1
2023-02-07,4505.3398,neutral,,rdp_v1_mult8_atr14_sw8,rdp_v1
2023-02-15,4950.4702,neutral,,rdp_v1_mult8_atr14_sw8,rdp_v1
2023-02-16,5008.5801,neutral,,rdp_v1_mult8_atr14_sw8,rdp_v1
2023-02-17,5026.8301,neutral,,rdp_v1_mult8_atr14_sw8,rdp_v1
2023-02-20,5148.9302,neutral,,rdp_v1_mult8_atr14_sw8,rdp_v1
2023-02-21,5149.3901,neutral,,rdp_v1_mult8_atr14_sw8,rdp_v1
2023-02-22,5071.4102,neutral,,rdp_v1_mult8_atr14_sw8,rdp_v1
2023-02-23,5086.2002,neutral,,rdp_v1_mult8_atr14_sw8,rdp_v1
2023-02-24,5058.75,neutral,,rdp_v1_mult8_atr14_sw8,rdp_v1
2023-02-27,5197.4399,neutral,,rdp_v1_mult8_atr14_sw8,rdp_v1
2023-02-28,5237.3301,neutral,,rdp_v1_mult8_atr14_sw8,rdp_v1
2023-03-01,5322.6499,neutral,,rdp_v1_mult8_atr14_sw8,rdp_v1
2023-03-02,5261.4102,neutral,,rdp_v1_mult8_atr14_sw8,rdp_v1
2023-03-03,5212.3799,neutral,,rdp_v1_mult8_atr14_sw8,rdp_v1
2023-03-06,5392.3101,neutral,,rdp_v1_mult8_atr14_sw8,rdp_v1
2023-03-07,5381.8999,neutral,,rdp_v1_mult8_atr14_sw8,rdp_v1
2023-03-08,5438.3799,neutral,,rdp_v1_mult8_atr14_sw8,rdp_v1
2023-03-09,5446.2202,neutral,,rdp_v1_mult8_atr14_sw8,rdp_v1
2023-03-10,5384.5601,short,,rdp_v1_mult8_atr14_sw8,rdp_v1
2023-03-13,5323.1899,short,,rdp_v1_mult8_atr14_sw8,rdp_v1
2023-03-14,5207.3198,short,,rdp_v1_mult8_atr14_sw8,rdp_v1
2023-03-15,5121.5698,short,,rdp_v1_mult8_atr14_sw8,rdp_v1
2023-03-16,5229.5801,short,,rdp_v1_mult8_atr14_sw8,rdp_v1
2023-03-17,5136.4399,short,,rdp_v1_mult8_atr14_sw8,rdp_v1
2023-03-20,4975.4702,short,,rdp_v1_mult8_atr14_sw8,rdp_v1
2023-03-21,4906.6299,short,,rdp_v1_mult8_atr14_sw8,rdp_v1
2023-03-22,5001.0601,short,,rdp_v1_mult8_atr14_sw8,rdp_v1
2023-03-23,5061.9902,short,,rdp_v1_mult8_atr14_sw8,rdp_v1
2023-03-24,5031.98,short,,rdp_v1_mult8_atr14_sw8,rdp_v1
2023-03-27,4997.7998,short,,rdp_v1_mult8_atr14_sw8,rdp_v1
2023-03-28,4811.4502,short,,rdp_v1_mult8_atr14_sw8,rdp_v1
2023-03-29,4943.1802,short,,rdp_v1_mult8_atr14_sw8,rdp_v1
2023-03-30,4896.0698,short,,rdp_v1_mult8_atr14_sw8,rdp_v1
2023-03-31,4812.9302,short,,rdp_v1_mult8_atr14_sw8,rdp_v1
2023-04-03,4839.46,neutral,,rdp_v1_mult8_atr14_sw8,rdp_v1
2023-04-04,4984.1099,neutral,,rdp_v1_mult8_atr14_sw8,rdp_v1
2023-04-05,4919.8701,neutral,,rdp_v1_mult8_atr14_sw8,rdp_v1
2023-04-06,4912.8101,neutral,,rdp_v1_mult8_atr14_sw8,rdp_v1
2023-04-07,4924.6401,neutral,,rdp_v1_mult8_atr14_sw8,rdp_v1
2023-04-10,5092.3101,neutral,,rdp_v1_mult8_atr14_sw8,rdp_v1
2023-04-11,5124.25,neutral,,rdp_v1_mult8_atr14_sw8,rdp_v1
2023-04-12,5146.1099,neutral,,rdp_v1_mult8_atr14_sw8,rdp_v1
2023-04-13,5135.5498,neutral,,rdp_v1_mult8_atr14_sw8,rdp_v1
2023-04-14,5092.8799,neutral,,rdp_v1_mult8_atr14_sw8,rdp_v1
2023-04-17,5059.3501,neutral,,rdp_v1_mult8_atr14_sw8,rdp_v1
2023-04-18,5018.7002,neutral,,rdp_v1_mult8_atr14_sw8,rdp_v1
2023-04-19,5061.2202,neutral,,rdp_v1_mult8_atr14_sw8,rdp_v1
2023-04-20,5012.3398,neutral,,rdp_v1_mult8_atr14_sw8,rdp_v1
2023-04-24,5022.79,short,,rdp_v1_mult8_atr14_sw8,rdp_v1
2023-04-25,4891.0098,short,,rdp_v1_mult8_atr14_sw8,rdp_v1
2023-04-26,4783.5,short,,rdp_v1_mult8_atr14_sw8,rdp_v1
2023-04-27,4789.6299,short,,rdp_v1_mult8_atr14_sw8,rdp_v1
2023-04-28,4617.9302,short,,rdp_v1_mult8_atr14_sw8,rdp_v1
2023-05-02,4506.2402,short,,rdp_v1_mult8_atr14_sw8,rdp_v1
2023-05-03,4485.9702,short,,rdp_v1_mult8_atr14_sw8,rdp_v1
2023-05-04,4484.3501,short,,rdp_v1_mult8_atr14_sw8,rdp_v1
2023-05-05,4400.7598,short,,rdp_v1_mult8_atr14_sw8,rdp_v1
2023-05-08,4561.9399,short,,rdp_v1_mult8_atr14_sw8,rdp_v1
2023-05-09,4536.2002,short,,rdp_v1_mult8_atr14_sw8,rdp_v1
2023-05-10,4494.48,short,,rdp_v1_mult8_atr14_sw8,rdp_v1
2023-05-11,4848.0098,short,,rdp_v1_mult8_atr14_sw8,rdp_v1
2023-05-12,4795.6099,short,,rdp_v1_mult8_atr14_sw8,rdp_v1
2023-05-15,4501.21,short,,rdp_v1_mult8_atr14_sw8,rdp_v1
2023-05-16,4589.71,short,,rdp_v1_mult8_atr14_sw8,rdp_v1
2023-05-17,4661.6802,short,,rdp_v1_mult8_atr14_sw8,rdp_v1
2023-05-18,4501.73,long,,rdp_v1_mult8_atr14_sw8,rdp_v1
2023-05-22,4466.1899,long,,rdp_v1_mult8_atr14_sw8,rdp_v1
2023-05-23,4470.9702,long,,rdp_v1_mult8_atr14_sw8,rdp_v1
2023-05-24,4424.9199,long,,rdp_v1_mult8_atr14_sw8,rdp_v1
2023-05-25,4427.9902,long,,rdp_v1_mult8_atr14_sw8,rdp_v1
2023-05-26,4580.6699,long,,rdp_v1_mult8_atr14_sw8,rdp_v1
2023-05-29,4768.5601,long,,rdp_v1_mult8_atr14_sw8,rdp_v1
2023-05-30,4951.3501,long,,rdp_v1_mult8_atr14_sw8,rdp_v1
2023-05-31,4886.9102,long,,rdp_v1_mult8_atr14_sw8,rdp_v1
2023-06-01,4959.7998,long,,rdp_v1_mult8_atr14_sw8,rdp_v1
2023-06-02,5114.9702,long,,rdp_v1_mult8_atr14_sw8,rdp_v1
2023-06-05,5372.6602,long,,rdp_v1_mult8_atr14_sw8,rdp_v1
2023-06-06,5388.7998,long,,rdp_v1_mult8_atr14_sw8,rdp_v1
2023-06-07,5561.1802,long,,rdp_v1_mult8_atr14_sw8,rdp_v1
2023-06-08,5554.0,long,,rdp_v1_mult8_atr14_sw8,rdp_v1
2023-06-09,5626.4902,long,,rdp_v1_mult8_atr14_sw8,rdp_v1
2023-06-12,5588.98,long,,rdp_v1_mult8_atr14_sw8,rdp_v1
2023-06-13,5429.0498,long,,rdp_v1_mult8_atr14_sw8,rdp_v1
2023-06-14,5360.77,long,,rdp_v1_mult8_atr14_sw8,rdp_v1
2023-06-15,5495.48,long,,rdp_v1_mult8_atr14_sw8,rdp_v1
2023-06-16,5475.48,long,,rdp_v1_mult8_atr14_sw8,rdp_v1
2023-06-19,5269.3101,long,,rdp_v1_mult8_atr14_sw8,rdp_v1
2023-06-20,5251.6099,long,,rdp_v1_mult8_atr14_sw8,rdp_v1
2023-06-21,5186.8301,long,,rdp_v1_mult8_atr14_sw8,rdp_v1
2023-06-22,5428.2598,long,,rdp_v1_mult8_atr14_sw8,rdp_v1
2023-06-23,5582.75,long,,rdp_v1_mult8_atr14_sw8,rdp_v1
2023-06-26,5732.8599,long,,rdp_v1_mult8_atr14_sw8,rdp_v1
2023-06-27,5759.11,long,,rdp_v1_mult8_atr14_sw8,rdp_v1
2023-07-03,6015.29,long,,rdp_v1_mult8_atr14_sw8,rdp_v1
2023-07-04,6003.8999,long,,rdp_v1_mult8_atr14_sw8,rdp_v1
2023-07-05,6106.7598,long,,rdp_v1_mult8_atr14_sw8,rdp_v1
2023-07-06,6141.1401,long,,rdp_v1_mult8_atr14_sw8,rdp_v1
2023-07-07,6187.0898,long,,rdp_v1_mult8_atr14_sw8,rdp_v1
2023-07-10,6270.4102,long,,rdp_v1_mult8_atr14_sw8,rdp_v1
2023-07-11,6362.9302,long,,rdp_v1_mult8_atr14_sw8,rdp_v1
2023-07-12,6342.0498,long,,rdp_v1_mult8_atr14_sw8,rdp_v1
2023-07-13,6368.3501,long,,rdp_v1_mult8_atr14_sw8,rdp_v1
2023-07-14,6437.7402,long,,rdp_v1_mult8_atr14_sw8,rdp_v1
2023-07-17,6600.46,long,,rdp_v1_mult8_atr14_sw8,rdp_v1
2023-07-18,6365.0,long,,rdp_v1_mult8_atr14_sw8,rdp_v1
2023-07-19,6571.2798,long,,rdp_v1_mult8_atr14_sw8,rdp_v1
2023-07-20,6682.1099,long,,rdp_v1_mult8_atr14_sw8,rdp_v1
2023-07-21,6687.7798,long,,rdp_v1_mult8_atr14_sw8,rdp_v1
2023-07-24,6695.1401,long,,rdp_v1_mult8_atr14_sw8,rdp_v1
2023-07-25,6605.04,long,,rdp_v1_mult8_atr14_sw8,rdp_v1
2023-07-26,6743.8599,long,,rdp_v1_mult8_atr14_sw8,rdp_v1
2023-07-27,6856.1099,long,,rdp_v1_mult8_atr14_sw8,rdp_v1
2023-07-28,7067.2798,long,,rdp_v1_mult8_atr14_sw8,rdp_v1
2023-07-31,7216.96,long,,rdp_v1_mult8_atr14_sw8,rdp_v1
2023-08-01,7168.5098,long,,rdp_v1_mult8_atr14_sw8,rdp_v1
2023-08-02,7258.54,long,,rdp_v1_mult8_atr14_sw8,rdp_v1
2023-08-03,7221.5098,long,,rdp_v1_mult8_atr14_sw8,rdp_v1
2023-08-04,7400.5698,long,,rdp_v1_mult8_atr14_sw8,rdp_v1
2023-08-07,7470.1001,long,,rdp_v1_mult8_atr14_sw8,rdp_v1
2023-08-08,7412.2002,long,,rdp_v1_mult8_atr14_sw8,rdp_v1
2023-08-09,7600.6499,long,,rdp_v1_mult8_atr14_sw8,rdp_v1
2023-08-10,7441.5,long,,rdp_v1_mult8_atr14_sw8,rdp_v1
2023-08-11,7714.3799,long,,rdp_v1_mult8_atr14_sw8,rdp_v1
2023-08-14,7737.3799,long,,rdp_v1_mult8_atr14_sw8,rdp_v1
2023-08-15,7690.75,long,,rdp_v1_mult8_atr14_sw8,rdp_v1
2023-08-16,7662.2598,long,,rdp_v1_mult8_atr14_sw8,rdp_v1
2023-08-17,7764.4702,long,,rdp_v1_mult8_atr14_sw8,rdp_v1
2023-08-18,7513.29,long,,rdp_v1_mult8_atr14_sw8,rdp_v1
2023-08-21,7796.6499,long,,rdp_v1_mult8_atr14_sw8,rdp_v1
2023-08-22,7771.2998,long,,rdp_v1_mult8_atr14_sw8,rdp_v1
2023-08-23,7602.2402,long,,rdp_v1_mult8_atr14_sw8,rdp_v1
2023-08-24,7491.9399,long,,rdp_v1_mult8_atr14_sw8,rdp_v1
2023-08-25,7716.6699,long,,rdp_v1_mult8_atr14_sw8,rdp_v1
2023-08-28,7941.73,neutral,,rdp_v1_mult8_atr14_sw8,rdp_v1
2023-08-29,7907.1299,neutral,,rdp_v1_mult8_atr14_sw8,rdp_v1
2023-08-31,7917.9302,neutral,,rdp_v1_mult8_atr14_sw8,rdp_v1
2023-09-01,8056.1201,neutral,,rdp_v1_mult8_atr14_sw8,rdp_v1
2023-09-04,8141.3301,neutral,,rdp_v1_mult8_atr14_sw8,rdp_v1
2023-09-05,8236.1396,neutral,,rdp_v1_mult8_atr14_sw8,rdp_v1
2023-09-06,8181.6699,neutral,,rdp_v1_mult8_atr14_sw8,rdp_v1
2023-09-07,8337.6699,neutral,,rdp_v1_mult8_atr14_sw8,rdp_v1
2023-09-08,8325.2998,neutral,,rdp_v1_mult8_atr14_sw8,rdp_v1
2023-09-11,8146.4902,neutral,,rdp_v1_mult8_atr14_sw8,rdp_v1
2023-09-12,8159.8999,neutral,,rdp_v1_mult8_atr14_sw8,rdp_v1
2023-09-13,8013.8901,neutral,,rdp_v1_mult8_atr14_sw8,rdp_v1
2023-09-14,8118.75,neutral,,rdp_v1_mult8_atr14_sw8,rdp_v1
2023-09-15,7961.98,neutral,,rdp_v1_mult8_atr14_sw8,rdp_v1
2023-09-18,7680.3599,neutral,,rdp_v1_mult8_atr14_sw8,rdp_v1
2023-09-19,7784.0098,neutral,,rdp_v1_mult8_atr14_sw8,rdp_v1
2023-09-20,7719.8198,neutral,,rdp_v1_mult8_atr14_sw8,rdp_v1
2023-09-21,8000.46,neutral,,rdp_v1_mult8_atr14_sw8,rdp_v1
2023-09-22,8039.1802,neutral,,rdp_v1_mult8_atr14_sw8,rdp_v1
2023-09-25,8304.8301,neutral,,rdp_v1_mult8_atr14_sw8,rdp_v1
2023-09-26,8242.2598,neutral,,rdp_v1_mult8_atr14_sw8,rdp_v1
2023-09-27,8213.7598,neutral,,rdp_v1_mult8_atr14_sw8,rdp_v1
2023-09-28,8218.7402,neutral,,rdp_v1_mult8_atr14_sw8,rdp_v1
2023-09-29,8334.9404,neutral,,rdp_v1_mult8_atr14_sw8,rdp_v1
2023-10-02,8486.96,neutral,,rdp_v1_mult8_atr14_sw8,rdp_v1
2023-10-03,8513.54,neutral,,rdp_v1_mult8_atr14_sw8,rdp_v1
2023-10-04,8333.1396,neutral,,rdp_v1_mult8_atr14_sw8,rdp_v1
2023-10-05,8487.9805,neutral,,rdp_v1_mult8_atr14_sw8,rdp_v1
2023-10-06,8464.9297,short,,rdp_v1_mult8_atr14_sw8,rdp_v1
2023-10-09,8193.4404,short,,rdp_v1_mult8_atr14_sw8,rdp_v1
2023-10-10,8442.79,short,,rdp_v1_mult8_atr14_sw8,rdp_v1
2023-10-11,8330.6396,short,,rdp_v1_mult8_atr14_sw8,rdp_v1
2023-10-12,8259.2695,short,,rdp_v1_mult8_atr14_sw8,rdp_v1
2023-10-13,8113.2998,short,,rdp_v1_mult8_atr14_sw8,rdp_v1
2023-10-16,7934.5601,short,,rdp_v1_mult8_atr14_sw8,rdp_v1
2023-10-17,8115.0098,short,,rdp_v1_mult8_atr14_sw8,rdp_v1
2023-10-18,7842.6602,short,,rdp_v1_mult8_atr14_sw8,rdp_v1
2023-10-19,7769.0298,short,,rdp_v1_mult8_atr14_sw8,rdp_v1
2023-10-20,7510.6802,short,,rdp_v1_mult8_atr14_sw8,rdp_v1
2023-10-23,7750.3901,short,,rdp_v1_mult8_atr14_sw8,rdp_v1
2023-10-24,7990.4199,short,,rdp_v1_mult8_atr14_sw8,rdp_v1
2023-10-25,7424.9702,short,,rdp_v1_mult8_atr14_sw8,rdp_v1
2023-10-26,7662.0498,short,,rdp_v1_mult8_atr14_sw8,rdp_v1
2023-10-27,7706.4102,short,,rdp_v1_mult8_atr14_sw8,rdp_v1
2023-10-30,7712.8501,short,,rdp_v1_mult8_atr14_sw8,rdp_v1
2023-10-31,7514.1001,neutral,,rdp_v1_mult8_atr14_sw8,rdp_v1
2023-11-01,7528.5698,neutral,,rdp_v1_mult8_atr14_sw8,rdp_v1
2023-11-02,7663.6201,neutral,,rdp_v1_mult8_atr14_sw8,rdp_v1
2023-11-03,7705.9902,neutral,,rdp_v1_mult8_atr14_sw8,rdp_v1
2023-11-06,7868.02,neutral,,rdp_v1_mult8_atr14_sw8,rdp_v1
2023-11-07,7844.7998,neutral,,rdp_v1_mult8_atr14_sw8,rdp_v1
2023-11-08,7860.8799,neutral,,rdp_v1_mult8_atr14_sw8,rdp_v1
2023-11-09,7841.46,neutral,,rdp_v1_mult8_atr14_sw8,rdp_v1
2023-11-10,7771.3398,neutral,,rdp_v1_mult8_atr14_sw8,rdp_v1
2023-11-13,7568.2998,neutral,,rdp_v1_mult8_atr14_sw8,rdp_v1
2023-11-14,7671.0498,neutral,,rdp_v1_mult8_atr14_sw8,rdp_v1
2023-11-15,7665.8701,neutral,,rdp_v1_mult8_atr14_sw8,rdp_v1
2023-11-16,7780.6802,neutral,,rdp_v1_mult8_atr14_sw8,rdp_v1
2023-11-17,7853.3599,neutral,,rdp_v1_mult8_atr14_sw8,rdp_v1
2023-11-20,7946.3701,neutral,,rdp_v1_mult8_atr14_sw8,rdp_v1
2023-11-21,8046.6201,neutral,,rdp_v1_mult8_atr14_sw8,rdp_v1
2023-11-22,7987.0298,neutral,,rdp_v1_mult8_atr14_sw8,rdp_v1
2023-11-23,7898.5898,neutral,,rdp_v1_mult8_atr14_sw8,rdp_v1
2023-11-24,7959.9502,neutral,,rdp_v1_mult8_atr14_sw8,rdp_v1
2023-11-27,8107.1899,neutral,,rdp_v1_mult8_atr14_sw8,rdp_v1
2023-11-28,8093.54,neutral,,rdp_v1_mult8_atr14_sw8,rdp_v1
2023-11-29,8009.3301,neutral,,rdp_v1_mult8_atr14_sw8,rdp_v1
2023-11-30,7948.6001,neutral,,rdp_v1_mult8_atr14_sw8,rdp_v1
2023-12-01,8026.27,neutral,,rdp_v1_mult8_atr14_sw8,rdp_v1
2023-12-04,8087.2402,short,,rdp_v1_mult8_atr14_sw8,rdp_v1
2023-12-05,8057.4199,short,,rdp_v1_mult8_atr14_sw8,rdp_v1
2023-12-06,7855.0601,short,,rdp_v1_mult8_atr14_sw8,rdp_v1
2023-12-07,7978.8198,short,,rdp_v1_mult8_atr14_sw8,rdp_v1
2023-12-08,7913.7598,short,,rdp_v1_mult8_atr14_sw8,rdp_v1
2023-12-11,7728.4399,short,,rdp_v1_mult8_atr14_sw8,rdp_v1
2023-12-12,7748.8501,short,,rdp_v1_mult8_atr14_sw8,rdp_v1
2023-12-13,7529.3101,short,,rdp_v1_mult8_atr14_sw8,rdp_v1
2023-12-14,7813.3999,short,,rdp_v1_mult8_atr14_sw8,rdp_v1
2023-12-15,7993.8501,short,,rdp_v1_mult8_atr14_sw8,rdp_v1
2023-12-18,7790.4199,short,,rdp_v1_mult8_atr14_sw8,rdp_v1
2023-12-19,7725.8599,short,,rdp_v1_mult8_atr14_sw8,rdp_v1
2023-12-20,7662.8501,short,,rdp_v1_mult8_atr14_sw8,rdp_v1
2023-12-21,7764.9502,short,,rdp_v1_mult8_atr14_sw8,rdp_v1
2023-12-22,7557.5601,short,,rdp_v1_mult8_atr14_sw8,rdp_v1
2023-12-25,7264.8701,long,,rdp_v1_mult8_atr14_sw8,rdp_v1
2023-12-26,7299.3301,long,,rdp_v1_mult8_atr14_sw8,rdp_v1
2023-12-27,7260.4399,long,,rdp_v1_mult8_atr14_sw8,rdp_v1
2023-12-28,7396.3398,long,,rdp_v1_mult8_atr14_sw8,rdp_v1
2023-12-29,7470.1802,long,,rdp_v1_mult8_atr14_sw8,rdp_v1
2024-01-02,7624.29,long,,rdp_v1_mult8_atr14_sw8,rdp_v1
2024-01-03,7412.04,long,,rdp_v1_mult8_atr14_sw8,rdp_v1
2024-01-04,7547.8398,long,,rdp_v1_mult8_atr14_sw8,rdp_v1
2024-01-05,7628.73,long,,rdp_v1_mult8_atr14_sw8,rdp_v1
2024-01-08,7818.8901,long,,rdp_v1_mult8_atr14_sw8,rdp_v1
2024-01-09,7736.2598,long,,rdp_v1_mult8_atr14_sw8,rdp_v1
2024-01-10,7874.1602,long,,rdp_v1_mult8_atr14_sw8,rdp_v1
2024-01-11,7895.96,long,,rdp_v1_mult8_atr14_sw8,rdp_v1
2024-01-12,7986.4702,long,,rdp_v1_mult8_atr14_sw8,rdp_v1
2024-01-15,8044.02,long,,rdp_v1_mult8_atr14_sw8,rdp_v1
2024-01-16,8032.1699,long,,rdp_v1_mult8_atr14_sw8,rdp_v1
2024-01-17,8024.3701,long,,rdp_v1_mult8_atr14_sw8,rdp_v1
2024-01-18,8016.0898,long,,rdp_v1_mult8_atr14_sw8,rdp_v1
2024-01-19,7996.7002,long,,rdp_v1_mult8_atr14_sw8,rdp_v1
2024-01-22,8010.1401,long,,rdp_v1_mult8_atr14_sw8,rdp_v1
2024-01-23,7950.0601,long,,rdp_v1_mult8_atr14_sw8,rdp_v1
2024-01-24,8090.8999,long,,rdp_v1_mult8_atr14_sw8,rdp_v1
2024-01-25,8169.8901,long,,rdp_v1_mult8_atr14_sw8,rdp_v1
2024-01-26,8346.2803,long,,rdp_v1_mult8_atr14_sw8,rdp_v1
2024-01-29,8471.7002,long,,rdp_v1_mult8_atr14_sw8,rdp_v1
2024-01-30,8474.2998,long,,rdp_v1_mult8_atr14_sw8,rdp_v1
2024-01-31,8496.6602,long,,rdp_v1_mult8_atr14_sw8,rdp_v1
2024-02-01,8646.1201,long,,rdp_v1_mult8_atr14_sw8,rdp_v1
2024-02-02,8665.6797,long,,rdp_v1_mult8_atr14_sw8,rdp_v1
2024-02-05,8776.7002,long,,rdp_v1_mult8_atr14_sw8,rdp_v1
2024-02-06,8869.1396,long,,rdp_v1_mult8_atr14_sw8,rdp_v1
2024-02-07,8843.0098,long,,rdp_v1_mult8_atr14_sw8,rdp_v1
2024-02-08,8949.79,long,,rdp_v1_mult8_atr14_sw8,rdp_v1
2024-02-09,9045.9697,long,,rdp_v1_mult8_atr14_sw8,rdp_v1
2024-02-12,9174.5801,neutral,,rdp_v1_mult8_atr14_sw8,rdp_v1
2024-02-13,8994.0,neutral,,rdp_v1_mult8_atr14_sw8,rdp_v1
2024-02-14,9072.0801,neutral,,rdp_v1_mult8_atr14_sw8,rdp_v1
2024-02-15,9242.1504,neutral,,rdp_v1_mult8_atr14_sw8,rdp_v1
2024-02-16,9250.3604,neutral,,rdp_v1_mult8_atr14_sw8,rdp_v1
2024-02-19,9196.4102,neutral,,rdp_v1_mult8_atr14_sw8,rdp_v1
2024-02-20,9344.9697,neutral,,rdp_v1_mult8_atr14_sw8,rdp_v1
2024-02-21,9312.1201,neutral,,rdp_v1_mult8_atr14_sw8,rdp_v1
2024-02-22,9347.1699,neutral,,rdp_v1_mult8_atr14_sw8,rdp_v1
2024-02-23,9374.2002,neutral,,rdp_v1_mult8_atr14_sw8,rdp_v1
2024-02-26,9334.1299,neutral,,rdp_v1_mult8_atr14_sw8,rdp_v1
2024-02-27,9179.4805,neutral,,rdp_v1_mult8_atr14_sw8,rdp_v1
2024-02-28,9062.3604,neutral,,rdp_v1_mult8_atr14_sw8,rdp_v1
2024-02-29,9193.6904,neutral,,rdp_v1_mult8_atr14_sw8,rdp_v1
2024-03-01,9097.1504,neutral,,rdp_v1_mult8_atr14_sw8,rdp_v1
2024-03-04,8907.6504,neutral,,rdp_v1_mult8_atr14_sw8,rdp_v1
2024-03-05,8860.5195,neutral,,rdp_v1_mult8_atr14_sw8,rdp_v1
2024-03-06,8744.5801,neutral,,rdp_v1_mult8_atr14_sw8,rdp_v1
2024-03-07,9054.1797,neutral,,rdp_v1_mult8_atr14_sw8,rdp_v1
2024-03-08,9155.3203,neutral,,rdp_v1_mult8_atr14_sw8,rdp_v1
2024-03-11,9131.8203,neutral,,rdp_v1_mult8_atr14_sw8,rdp_v1
2024-03-12,9069.0303,neutral,,rdp_v1_mult8_atr14_sw8,rdp_v1
2024-03-13,8910.2305,neutral,,rdp_v1_mult8_atr14_sw8,rdp_v1
2024-03-14,8883.5195,neutral,,rdp_v1_mult8_atr14_sw8,rdp_v1
2024-03-15,8828.7002,neutral,,rdp_v1_mult8_atr14_sw8,rdp_v1
2024-03-18,8718.1104,neutral,,rdp_v1_mult8_atr14_sw8,rdp_v1
2024-03-19,8929.8799,neutral,,rdp_v1_mult8_atr14_sw8,rdp_v1
2024-03-20,8955.1201,neutral,,rdp_v1_mult8_atr14_sw8,rdp_v1
2024-03-21,9140.7002,neutral,,rdp_v1_mult8_atr14_sw8,rdp_v1
2024-03-22,9111.5,neutral,,rdp_v1_mult8_atr14_sw8,rdp_v1
2024-03-25,9029.3799,neutral,,rdp_v1_mult8_atr14_sw8,rdp_v1
2024-03-26,8807.3799,neutral,,rdp_v1_mult8_atr14_sw8,rdp_v1
2024-03-27,8806.7197,neutral,,rdp_v1_mult8_atr14_sw8,rdp_v1
2024-03-28,9079.9697,neutral,,rdp_v1_mult8_atr14_sw8,rdp_v1
2024-03-29,9142.4004,neutral,,rdp_v1_mult8_atr14_sw8,rdp_v1
2024-04-01,9157.54,neutral,,rdp_v1_mult8_atr14_sw8,rdp_v1
2024-04-02,9040.8701,neutral,,rdp_v1_mult8_atr14_sw8,rdp_v1
2024-04-03,8945.7998,neutral,,rdp_v1_mult8_atr14_sw8,rdp_v1
2024-04-04,9129.0195,neutral,,rdp_v1_mult8_atr14_sw8,rdp_v1
2024-04-05,9618.8301,neutral,,rdp_v1_mult8_atr14_sw8,rdp_v1
2024-04-08,9756.6904,neutral,,rdp_v1_mult8_atr14_sw8,rdp_v1
2024-04-09,9814.19,neutral,,rdp_v1_mult8_atr14_sw8,rdp_v1
2024-04-15,9679.7998,neutral,,rdp_v1_mult8_atr14_sw8,rdp_v1
2024-04-16,9548.0898,neutral,,rdp_v1_mult8_atr14_sw8,rdp_v1
2024-04-17,9530.4697,neutral,,rdp_v1_mult8_atr14_sw8,rdp_v1
2024-04-18,9524.5898,neutral,,rdp_v1_mult8_atr14_sw8,rdp_v1
2024-04-19,9693.46,neutral,,rdp_v1_mult8_atr14_sw8,rdp_v1
2024-04-22,9645.0195,neutral,,rdp_v1_mult8_atr14_sw8,rdp_v1
2024-04-24,9722.0898,neutral,,rdp_v1_mult8_atr14_sw8,rdp_v1
2024-04-25,9716.7695,neutral,,rdp_v1_mult8_atr14_sw8,rdp_v1
2024-04-26,9915.6201,neutral,,rdp_v1_mult8_atr14_sw8,rdp_v1
2024-04-29,10082.77,neutral,,rdp_v1_mult8_atr14_sw8,rdp_v1
2024-04-30,10045.74,neutral,,rdp_v1_mult8_atr14_sw8,rdp_v1
2024-05-02,10208.65,neutral,,rdp_v1_mult8_atr14_sw8,rdp_v1
2024-05-03,10276.88,neutral,,rdp_v1_mult8_atr14_sw8,rdp_v1
2024-05-06,10267.09,neutral,,rdp_v1_mult8_atr14_sw8,rdp_v1
2024-05-07,10336.5,neutral,,rdp_v1_mult8_atr14_sw8,rdp_v1
2024-05-08,10247.75,neutral,,rdp_v1_mult8_atr14_sw8,rdp_v1
2024-05-09,10268.58,neutral,,rdp_v1_mult8_atr14_sw8,rdp_v1
2024-05-10,10218.58,neutral,,rdp_v1_mult8_atr14_sw8,rdp_v1
2024-05-13,10055.98,neutral,,rdp_v1_mult8_atr14_sw8,rdp_v1
2024-05-14,10173.42,neutral,,rdp_v1_mult8_atr14_sw8,rdp_v1
2024-05-15,10158.63,neutral,,rdp_v1_mult8_atr14_sw8,rdp_v1
2024-05-16,10319.96,neutral,,rdp_v1_mult8_atr14_sw8,rdp_v1
2024-05-17,10643.58,neutral,,rdp_v1_mult8_atr14_sw8,rdp_v1
2024-05-20,10739.57,neutral,,rdp_v1_mult8_atr14_sw8,rdp_v1
2024-05-21,10895.25,neutral,,rdp_v1_mult8_atr14_sw8,rdp_v1
2024-05-22,10899.28,neutral,,rdp_v1_mult8_atr14_sw8,rdp_v1
2024-05-23,10792.53,neutral,,rdp_v1_mult8_atr14_sw8,rdp_v1
2024-05-24,10676.65,neutral,,rdp_v1_mult8_atr14_sw8,rdp_v1
2024-05-27,10656.96,neutral,,rdp_v1_mult8_atr14_sw8,rdp_v1
2024-05-28,10677.49,neutral,,rdp_v1_mult8_atr14_sw8,rdp_v1
2024-05-29,10479.16,neutral,,rdp_v1_mult8_atr14_sw8,rdp_v1
2024-05-30,10481.3,neutral,,rdp_v1_mult8_atr14_sw8,rdp_v1
2024-05-31,10400.48,neutral,,rdp_v1_mult8_atr14_sw8,rdp_v1
2024-06-03,10556.8,neutral,,rdp_v1_mult8_atr14_sw8,rdp_v1
2024-06-04,10364.56,neutral,,rdp_v1_mult8_atr14_sw8,rdp_v1
2024-06-05,10350.96,neutral,,rdp_v1_mult8_atr14_sw8,rdp_v1
2024-06-06,10279.69,neutral,,rdp_v1_mult8_atr14_sw8,rdp_v1
2024-06-07,10138.97,neutral,,rdp_v1_mult8_atr14_sw8,rdp_v1
2024-06-10,9997.9102,neutral,,rdp_v1_mult8_atr14_sw8,rdp_v1
2024-06-11,10051.37,neutral,,rdp_v1_mult8_atr14_sw8,rdp_v1
2024-06-12,10165.52,neutral,,rdp_v1_mult8_atr14_sw8,rdp_v1
2024-06-13,10391.89,neutral,,rdp_v1_mult8_atr14_sw8,rdp_v1
2024-06-14,10471.32,neutral,,rdp_v1_mult8_atr14_sw8,rdp_v1
2024-06-20,10739.94,neutral,,rdp_v1_mult8_atr14_sw8,rdp_v1
2024-06-21,10771.36,neutral,,rdp_v1_mult8_atr14_sw8,rdp_v1
2024-06-24,10767.85,neutral,,rdp_v1_mult8_atr14_sw8,rdp_v1
2024-06-25,10679.98,neutral,,rdp_v1_mult8_atr14_sw8,rdp_v1
2024-06-26,10486.7,neutral,,rdp_v1_mult8_atr14_sw8,rdp_v1
2024-06-27,10680.91,neutral,,rdp_v1_mult8_atr14_sw8,rdp_v1
2024-06-28,10647.91,neutral,,rdp_v1_mult8_atr14_sw8,rdp_v1
2024-07-01,10343.31,neutral,,rdp_v1_mult8_atr14_sw8,rdp_v1
2024-07-02,10446.24,neutral,,rdp_v1_mult8_atr14_sw8,rdp_v1
2024-07-03,10682.15,neutral,,rdp_v1_mult8_atr14_sw8,rdp_v1
2024-07-04,10872.56,neutral,,rdp_v1_mult8_atr14_sw8,rdp_v1
2024-07-05,10851.78,neutral,,rdp_v1_mult8_atr14_sw8,rdp_v1
2024-07-08,10864.08,neutral,,rdp_v1_mult8_atr14_sw8,rdp_v1
2024-07-09,10796.57,neutral,,rdp_v1_mult8_atr14_sw8,rdp_v1
2024-07-10,10743.3,neutral,,rdp_v1_mult8_atr14_sw8,rdp_v1
2024-07-11,11024.33,neutral,,rdp_v1_mult8_atr14_sw8,rdp_v1
2024-07-12,11064.85,neutral,,rdp_v1_mult8_atr14_sw8,rdp_v1
2024-07-16,11139.34,neutral,,rdp_v1_mult8_atr14_sw8,rdp_v1
2024-07-17,11134.08,neutral,,rdp_v1_mult8_atr14_sw8,rdp_v1
2024-07-18,11139.46,neutral,,rdp_v1_mult8_atr14_sw8,rdp_v1
2024-07-19,11156.2,neutral,,rdp_v1_mult8_atr14_sw8,rdp_v1
2024-07-22,11172.75,neutral,,rdp_v1_mult8_atr14_sw8,rdp_v1
2024-07-23,11089.53,neutral,,rdp_v1_mult8_atr14_sw8,rdp_v1
2024-07-24,10991.57,neutral,,rdp_v1_mult8_atr14_sw8,rdp_v1
2024-07-25,10871.48,neutral,,rdp_v1_mult8_atr14_sw8,rdp_v1
2024-07-26,10891.42,short,,rdp_v1_mult8_atr14_sw8,rdp_v1
2024-07-29,10733.75,short,,rdp_v1_mult8_atr14_sw8,rdp_v1
2024-07-30,10691.68,short,,rdp_v1_mult8_atr14_sw8,rdp_v1
2024-07-31,10638.58,short,,rdp_v1_mult8_atr14_sw8,rdp_v1
2024-08-01,10798.09,short,,rdp_v1_mult8_atr14_sw8,rdp_v1
2024-08-02,10473.47,short,,rdp_v1_mult8_atr14_sw8,rdp_v1
2024-08-05,9893.4102,short,,rdp_v1_mult8_atr14_sw8,rdp_v1
2024-08-06,9881.2305,short,,rdp_v1_mult8_atr14_sw8,rdp_v1
2024-08-07,10024.31,short,,rdp_v1_mult8_atr14_sw8,rdp_v1
2024-08-08,10098.5,short,,rdp_v1_mult8_atr14_sw8,rdp_v1
2024-08-09,9907.40039063,short,,rdp_v1_mult8_atr14_sw8,rdp_v1
2024-08-12,9828.5596,short,,rdp_v1_mult8_atr14_sw8,rdp_v1
2024-08-13,9920.6104,short,,rdp_v1_mult8_atr14_sw8,rdp_v1
2024-08-14,9830.9404,short,,rdp_v1_mult8_atr14_sw8,rdp_v1
2024-08-15,9982.9805,short,,rdp_v1_mult8_atr14_sw8,rdp_v1
2024-08-16,9821.96,neutral,,rdp_v1_mult8_atr14_sw8,rdp_v1
2024-08-19,10054.2,neutral,,rdp_v1_mult8_atr14_sw8,rdp_v1
2024-08-20,9982.2803,neutral,,rdp_v1_mult8_atr14_sw8,rdp_v1
2024-08-21,9904.79,neutral,,rdp_v1_mult8_atr14_sw8,rdp_v1
2024-08-22,9921.4004,neutral,,rdp_v1_mult8_atr14_sw8,rdp_v1
2024-08-23,9668.0996,neutral,,rdp_v1_mult8_atr14_sw8,rdp_v1
2024-08-26,9565.7598,neutral,,rdp_v1_mult8_atr14_sw8,rdp_v1
2024-08-27,9748.75,neutral,,rdp_v1_mult8_atr14_sw8,rdp_v1
2024-08-28,9757.1602,neutral,,rdp_v1_mult8_atr14_sw8,rdp_v1
2024-08-29,9833.2197,neutral,,rdp_v1_mult8_atr14_sw8,rdp_v1
2024-09-02,10110.18,neutral,,rdp_v1_mult8_atr14_sw8,rdp_v1
2024-09-03,10021.8,neutral,,rdp_v1_mult8_atr14_sw8,rdp_v1
2024-09-04,9984.9297,neutral,,rdp_v1_mult8_atr14_sw8,rdp_v1
2024-09-05,9936.7598,neutral,,rdp_v1_mult8_atr14_sw8,rdp_v1
2024-09-06,9771.1602,neutral,,rdp_v1_mult8_atr14_sw8,rdp_v1
2024-09-09,9699.5596,neutral,,rdp_v1_mult8_atr14_sw8,rdp_v1
2024-09-10,9624.04,neutral,,rdp_v1_mult8_atr14_sw8,rdp_v1
2024-09-11,9419.6602,neutral,,rdp_v1_mult8_atr14_sw8,rdp_v1
2024-09-12,9521.04,neutral,,rdp_v1_mult8_atr14_sw8,rdp_v1
2024-09-13,9685.49,neutral,,rdp_v1_mult8_atr14_sw8,rdp_v1
2024-09-16,9577.46,neutral,,rdp_v1_mult8_atr14_sw8,rdp_v1
2024-09-17,9758.14,neutral,,rdp_v1_mult8_atr14_sw8,rdp_v1
2024-09-18,9774.49,neutral,,rdp_v1_mult8_atr14_sw8,rdp_v1
2024-09-19,9975.61,neutral,,rdp_v1_mult8_atr14_sw8,rdp_v1
2024-09-20,9900.25,neutral,,rdp_v1_mult8_atr14_sw8,rdp_v1
2024-09-23,9887.75,short,,rdp_v1_mult8_atr14_sw8,rdp_v1
2024-09-24,10029.73,short,,rdp_v1_mult8_atr14_sw8,rdp_v1
2024-09-25,9891.0,short,,rdp_v1_mult8_atr14_sw8,rdp_v1
2024-09-26,9829.19,short,,rdp_v1_mult8_atr14_sw8,rdp_v1
2024-09-27,9777.46,short,,rdp_v1_mult8_atr14_sw8,rdp_v1
2024-09-30,9665.78,short,,rdp_v1_mult8_atr14_sw8,rdp_v1
2024-10-01,9351.22,short,,rdp_v1_mult8_atr14_sw8,rdp_v1
2024-10-02,9012.87,short,,rdp_v1_mult8_atr14_sw8,rdp_v1
2024-10-03,8898.23,short,,rdp_v1_mult8_atr14_sw8,rdp_v1
2024-10-04,9109.34,short,,rdp_v1_mult8_atr14_sw8,rdp_v1
2024-10-07,9031.64,short,,rdp_v1_mult8_atr14_sw8,rdp_v1
2024-10-08,9044.89,short,,rdp_v1_mult8_atr14_sw8,rdp_v1
2024-10-09,9132.3,short,,rdp_v1_mult8_atr14_sw8,rdp_v1
2024-10-10,8964.1,short,,rdp_v1_mult8_atr14_sw8,rdp_v1
2024-10-11,8876.22,short,,rdp_v1_mult8_atr14_sw8,rdp_v1
2024-10-14,8699.19,short,,rdp_v1_mult8_atr14_sw8,rdp_v1
2024-10-15,8860.3,short,,rdp_v1_mult8_atr14_sw8,rdp_v1
2024-10-16,8956.03,short,,rdp_v1_mult8_atr14_sw8,rdp_v1
2024-10-17,9002.34,short,,rdp_v1_mult8_atr14_sw8,rdp_v1
2024-10-18,8793.61,neutral,,rdp_v1_mult8_atr14_sw8,rdp_v1
2024-10-21,8654.39,neutral,,rdp_v1_mult8_atr14_sw8,rdp_v1
2024-10-22,8838.6,neutral,,rdp_v1_mult8_atr14_sw8,rdp_v1
2024-10-23,8714.69,neutral,,rdp_v1_mult8_atr14_sw8,rdp_v1
2024-10-24,8872.85,neutral,,rdp_v1_mult8_atr14_sw8,rdp_v1
2024-10-25,8908.47,neutral,,rdp_v1_mult8_atr14_sw8,rdp_v1
2024-10-28,8945.8,neutral,,rdp_v1_mult8_atr14_sw8,rdp_v1
2024-10-30,9006.55,neutral,,rdp_v1_mult8_atr14_sw8,rdp_v1
2024-10-31,8863.88,neutral,,rdp_v1_mult8_atr14_sw8,rdp_v1
2024-11-01,8885.0,neutral,,rdp_v1_mult8_atr14_sw8,rdp_v1
2024-11-04,8663.88,neutral,,rdp_v1_mult8_atr14_sw8,rdp_v1
2024-11-05,8618.57,neutral,,rdp_v1_mult8_atr14_sw8,rdp_v1
2024-11-06,8862.32,neutral,,rdp_v1_mult8_atr14_sw8,rdp_v1
2024-11-07,8946.13,neutral,,rdp_v1_mult8_atr14_sw8,rdp_v1
2024-11-08,9184.82,neutral,,rdp_v1_mult8_atr14_sw8,rdp_v1
2024-11-11,9276.78,neutral,,rdp_v1_mult8_atr14_sw8,rdp_v1
2024-11-12,9226.86,neutral,,rdp_v1_mult8_atr14_sw8,rdp_v1
2024-11-13,9300.3,neutral,,rdp_v1_mult8_atr14_sw8,rdp_v1
2024-11-14,9420.42,neutral,,rdp_v1_mult8_atr14_sw8,rdp_v1
2024-11-15,9389.62,neutral,,rdp_v1_mult8_atr14_sw8,rdp_v1
2024-11-18,9395.39,neutral,,rdp_v1_mult8_atr14_sw8,rdp_v1
2024-11-19,9232.9,neutral,,rdp_v1_mult8_atr14_sw8,rdp_v1
2024-11-20,9031.82,neutral,,rdp_v1_mult8_atr14_sw8,rdp_v1
2024-11-21,9367.77,long,,rdp_v1_mult8_atr14_sw8,rdp_v1
2024-11-22,9549.89,long,,rdp_v1_mult8_atr14_sw8,rdp_v1
2024-11-25,9659.96,long,,rdp_v1_mult8_atr14_sw8,rdp_v1
2024-11-26,9636.12,long,,rdp_v1_mult8_atr14_sw8,rdp_v1
2024-11-27,9639.77,long,,rdp_v1_mult8_atr14_sw8,rdp_v1
2024-11-28,9640.08,long,,rdp_v1_mult8_atr14_sw8,rdp_v1
2024-11-29,9652.0,long,,rdp_v1_mult8_atr14_sw8,rdp_v1
2024-12-02,9681.11,long,,rdp_v1_mult8_atr14_sw8,rdp_v1
2024-12-03,9827.23,long,,rdp_v1_mult8_atr14_sw8,rdp_v1
2024-12-04,9886.05,long,,rdp_v1_mult8_atr14_sw8,rdp_v1
2024-12-05,9935.96,long,,rdp_v1_mult8_atr14_sw8,rdp_v1
2024-12-06,10081.0,long,,rdp_v1_mult8_atr14_sw8,rdp_v1
2024-12-09,10257.39,long,,rdp_v1_mult8_atr14_sw8,rdp_v1
2024-12-10,10099.03,long,,rdp_v1_mult8_atr14_sw8,rdp_v1
2024-12-11,10058.47,long,,rdp_v1_mult8_atr14_sw8,rdp_v1
2024-12-12,10058.63,long,,rdp_v1_mult8_atr14_sw8,rdp_v1
2024-12-13,10125.46,neutral,,rdp_v1_mult8_atr14_sw8,rdp_v1
2024-12-16,9997.66,neutral,,rdp_v1_mult8_atr14_sw8,rdp_v1
2024-12-17,10011.27,neutral,,rdp_v1_mult8_atr14_sw8,rdp_v1
2024-12-18,9915.76,neutral,,rdp_v1_mult8_atr14_sw8,rdp_v1
2024-12-19,9765.12,neutral,,rdp_v1_mult8_atr14_sw8,rdp_v1
2024-12-20,9724.5,neutral,,rdp_v1_mult8_atr14_sw8,rdp_v1
2024-12-23,9626.56,neutral,,rdp_v1_mult8_atr14_sw8,rdp_v1
2024-12-24,9672.75,neutral,,rdp_v1_mult8_atr14_sw8,rdp_v1
2024-12-25,9916.22,neutral,,rdp_v1_mult8_atr14_sw8,rdp_v1
2024-12-26,9949.01,neutral,,rdp_v1_mult8_atr14_sw8,rdp_v1
2024-12-27,10025.47,neutral,,rdp_v1_mult8_atr14_sw8,rdp_v1
2024-12-30,9889.71,neutral,,rdp_v1_mult8_atr14_sw8,rdp_v1
2024-12-31,9830.56,neutral,,rdp_v1_mult8_atr14_sw8,rdp_v1
2025-01-02,9961.34,neutral,,rdp_v1_mult8_atr14_sw8,rdp_v1
2025-01-03,10075.17,neutral,,rdp_v1_mult8_atr14_sw8,rdp_v1
2025-01-06,10085.5,neutral,,rdp_v1_mult8_atr14_sw8,rdp_v1
2025-01-07,9972.03,neutral,,rdp_v1_mult8_atr14_sw8,rdp_v1
2025-01-08,9890.76,neutral,,rdp_v1_mult8_atr14_sw8,rdp_v1
2025-01-09,10000.72,neutral,,rdp_v1_mult8_atr14_sw8,rdp_v1
2025-01-10,9910.61,neutral,,rdp_v1_mult8_atr14_sw8,rdp_v1
2025-01-13,9733.17,neutral,,rdp_v1_mult8_atr14_sw8,rdp_v1
2025-01-14,9715.86,neutral,,rdp_v1_mult8_atr14_sw8,rdp_v1
2025-01-15,9739.72,neutral,,rdp_v1_mult8_atr14_sw8,rdp_v1
2025-01-16,9866.73,neutral,,rdp_v1_mult8_atr14_sw8,rdp_v1
2025-01-17,9977.94,neutral,,rdp_v1_mult8_atr14_sw8,rdp_v1
2025-01-20,10029.31,neutral,,rdp_v1_mult8_atr14_sw8,rdp_v1
2025-01-21,9999.55,neutral,,rdp_v1_mult8_atr14_sw8,rdp_v1
2025-01-22,10105.37,neutral,,rdp_v1_mult8_atr14_sw8,rdp_v1
2025-01-23,10112.76,neutral,,rdp_v1_mult8_atr14_sw8,rdp_v1
2025-01-24,10104.85,neutral,,rdp_v1_mult8_atr14_sw8,rdp_v1
2025-01-27,9997.85,neutral,,rdp_v1_mult8_atr14_sw8,rdp_v1
2025-01-28,10121.77,neutral,,rdp_v1_mult8_atr14_sw8,rdp_v1
2025-01-29,10076.99,neutral,,rdp_v1_mult8_atr14_sw8,rdp_v1
2025-01-30,10082.1,neutral,,rdp_v1_mult8_atr14_sw8,rdp_v1
2025-01-31,10004.38,neutral,,rdp_v1_mult8_atr14_sw8,rdp_v1
2025-02-03,9774.4,neutral,,rdp_v1_mult8_atr14_sw8,rdp_v1
2025-02-04,9807.1,neutral,,rdp_v1_mult8_atr14_sw8,rdp_v1
2025-02-05,9719.81,neutral,,rdp_v1_mult8_atr14_sw8,rdp_v1
2025-02-06,9842.15,neutral,,rdp_v1_mult8_atr14_sw8,rdp_v1
2025-02-07,9951.65,neutral,,rdp_v1_mult8_atr14_sw8,rdp_v1
2025-02-10,9845.85,neutral,,rdp_v1_mult8_atr14_sw8,rdp_v1
2025-02-11,9882.79,neutral,,rdp_v1_mult8_atr14_sw8,rdp_v1
2025-02-12,9779.57,neutral,,rdp_v1_mult8_atr14_sw8,rdp_v1
2025-02-13,9914.68,neutral,,rdp_v1_mult8_atr14_sw8,rdp_v1
2025-02-14,9877.59,neutral,,rdp_v1_mult8_atr14_sw8,rdp_v1
2025-02-17,9836.49,neutral,,rdp_v1_mult8_atr14_sw8,rdp_v1
2025-02-18,9916.89,neutral,,rdp_v1_mult8_atr14_sw8,rdp_v1
2025-02-19,9763.67,neutral,,rdp_v1_mult8_atr14_sw8,rdp_v1
2025-02-20,9807.5,neutral,,rdp_v1_mult8_atr14_sw8,rdp_v1
2025-02-21,9602.16,neutral,,rdp_v1_mult8_atr14_sw8,rdp_v1
2025-02-24,9574.83,neutral,,rdp_v1_mult8_atr14_sw8,rdp_v1
2025-02-25,9451.58,neutral,,rdp_v1_mult8_atr14_sw8,rdp_v1
2025-02-26,9573.21,neutral,,rdp_v1_mult8_atr14_sw8,rdp_v1
2025-02-27,9741.07,neutral,,rdp_v1_mult8_atr14_sw8,rdp_v1
2025-02-28,9658.72,neutral,,rdp_v1_mult8_atr14_sw8,rdp_v1
2025-03-03,9911.07,neutral,,rdp_v1_mult8_atr14_sw8,rdp_v1
2025-03-04,9898.01,neutral,,rdp_v1_mult8_atr14_sw8,rdp_v1
2025-03-05,10188.85,neutral,,rdp_v1_mult8_atr14_sw8,rdp_v1
2025-03-06,10459.08,neutral,,rdp_v1_mult8_atr14_sw8,rdp_v1
2025-03-07,10507.11,neutral,,rdp_v1_mult8_atr14_sw8,rdp_v1
2025-03-10,10422.24,neutral,,rdp_v1_mult8_atr14_sw8,rdp_v1
2025-03-11,10438.33,neutral,,rdp_v1_mult8_atr14_sw8,rdp_v1
2025-03-12,10580.26,neutral,,rdp_v1_mult8_atr14_sw8,rdp_v1
2025-03-13,10727.58,neutral,,rdp_v1_mult8_atr14_sw8,rdp_v1
2025-03-14,10840.59,neutral,,rdp_v1_mult8_atr14_sw8,rdp_v1
2025-03-17,10862.14,neutral,,rdp_v1_mult8_atr14_sw8,rdp_v1
2025-03-18,10802.23,short,,rdp_v1_mult8_atr14_sw8,rdp_v1
2025-03-19,9860.29,short,,rdp_v1_mult8_atr14_sw8,rdp_v1
2025-03-20,9810.94,short,,rdp_v1_mult8_atr14_sw8,rdp_v1
2025-03-21,9044.64,short,,rdp_v1_mult8_atr14_sw8,rdp_v1
2025-03-24,9299.36,short,,rdp_v1_mult8_atr14_sw8,rdp_v1
2025-03-25,9715.58,short,,rdp_v1_mult8_atr14_sw8,rdp_v1
2025-03-26,9649.53,short,,rdp_v1_mult8_atr14_sw8,rdp_v1
2025-03-27,9612.84,short,,rdp_v1_mult8_atr14_sw8,rdp_v1
2025-03-28,9659.48,short,,rdp_v1_mult8_atr14_sw8,rdp_v1
2025-04-02,9523.31,short,,rdp_v1_mult8_atr14_sw8,rdp_v1
2025-04-03,9484.26,short,,rdp_v1_mult8_atr14_sw8,rdp_v1
2025-04-04,9379.83,short,,rdp_v1_mult8_atr14_sw8,rdp_v1
2025-04-07,9407.17,short,,rdp_v1_mult8_atr14_sw8,rdp_v1
2025-04-08,9477.14,short,,rdp_v1_mult8_atr14_sw8,rdp_v1
2025-04-09,9275.5,neutral,,rdp_v1_mult8_atr14_sw8,rdp_v1
2025-04-10,9338.58,neutral,,rdp_v1_mult8_atr14_sw8,rdp_v1
2025-04-11,9380.95,neutral,,rdp_v1_mult8_atr14_sw8,rdp_v1
2025-04-14,9423.62,neutral,,rdp_v1_mult8_atr14_sw8,rdp_v1
2025-04-15,9393.79,neutral,,rdp_v1_mult8_atr14_sw8,rdp_v1
2025-04-16,9266.09,neutral,,rdp_v1_mult8_atr14_sw8,rdp_v1
2025-04-17,9396.02,neutral,,rdp_v1_mult8_atr14_sw8,rdp_v1
2025-04-18,9317.24,neutral,,rdp_v1_mult8_atr14_sw8,rdp_v1
2025-04-21,9321.64,neutral,,rdp_v1_mult8_atr14_sw8,rdp_v1
2025-04-22,9312.13,neutral,,rdp_v1_mult8_atr14_sw8,rdp_v1
2025-04-24,9490.9,neutral,,rdp_v1_mult8_atr14_sw8,rdp_v1
2025-04-25,9432.55,neutral,,rdp_v1_mult8_atr14_sw8,rdp_v1
2025-04-28,9306.96,neutral,,rdp_v1_mult8_atr14_sw8,rdp_v1
2025-04-29,9224.84,neutral,,rdp_v1_mult8_atr14_sw8,rdp_v1
2025-04-30,9078.43,neutral,,rdp_v1_mult8_atr14_sw8,rdp_v1
2025-05-02,9167.58,long,,rdp_v1_mult8_atr14_sw8,rdp_v1
2025-05-05,9112.19,long,,rdp_v1_mult8_atr14_sw8,rdp_v1
2025-05-06,9134.68,long,,rdp_v1_mult8_atr14_sw8,rdp_v1
2025-05-07,9074.62,long,,rdp_v1_mult8_atr14_sw8,rdp_v1
2025-05-08,9279.21,long,,rdp_v1_mult8_atr14_sw8,rdp_v1
2025-05-09,9390.51,long,,rdp_v1_mult8_atr14_sw8,rdp_v1
2025-05-12,9747.07,long,,rdp_v1_mult8_atr14_sw8,rdp_v1
2025-05-13,9700.17,long,,rdp_v1_mult8_atr14_sw8,rdp_v1
2025-05-14,9701.55,long,,rdp_v1_mult8_atr14_sw8,rdp_v1
2025-05-15,9541.3,long,,rdp_v1_mult8_atr14_sw8,rdp_v1
2025-05-16,9668.36,long,,rdp_v1_mult8_atr14_sw8,rdp_v1
2025-05-20,9514.01,long,,rdp_v1_mult8_atr14_sw8,rdp_v1
2025-05-21,9398.93,long,,rdp_v1_mult8_atr14_sw8,rdp_v1
2025-05-22,9475.21,long,,rdp_v1_mult8_atr14_sw8,rdp_v1
2025-05-23,9356.04,long,,rdp_v1_mult8_atr14_sw8,rdp_v1
2025-05-26,9345.15,long,,rdp_v1_mult8_atr14_sw8,rdp_v1
2025-05-27,9213.58,long,,rdp_v1_mult8_atr14_sw8,rdp_v1
2025-05-28,9177.7,long,,rdp_v1_mult8_atr14_sw8,rdp_v1
2025-05-29,9170.56,long,,rdp_v1_mult8_atr14_sw8,rdp_v1
2025-05-30,9019.57,long,,rdp_v1_mult8_atr14_sw8,rdp_v1
2025-06-02,9008.87,long,,rdp_v1_mult8_atr14_sw8,rdp_v1
2025-06-03,9277.01,long,,rdp_v1_mult8_atr14_sw8,rdp_v1
2025-06-04,9474.96,long,,rdp_v1_mult8_atr14_sw8,rdp_v1
2025-06-05,9486.56,long,,rdp_v1_mult8_atr14_sw8,rdp_v1
2025-06-10,9659.31,long,,rdp_v1_mult8_atr14_sw8,rdp_v1
2025-06-11,9686.11,long,,rdp_v1_mult8_atr14_sw8,rdp_v1
2025-06-12,9520.22,long,,rdp_v1_mult8_atr14_sw8,rdp_v1
2025-06-13,9311.88,long,,rdp_v1_mult8_atr14_sw8,rdp_v1
2025-06-16,9350.01,long,,rdp_v1_mult8_atr14_sw8,rdp_v1
2025-06-17,9339.59,long,,rdp_v1_mult8_atr14_sw8,rdp_v1
2025-06-18,9196.13,long,,rdp_v1_mult8_atr14_sw8,rdp_v1
2025-06-19,9102.02,long,,rdp_v1_mult8_atr14_sw8,rdp_v1
2025-06-20,9203.37,long,,rdp_v1_mult8_atr14_sw8,rdp_v1
2025-06-23,9141.31,long,,rdp_v1_mult8_atr14_sw8,rdp_v1
2025-06-24,9448.9,long,,rdp_v1_mult8_atr14_sw8,rdp_v1
2025-06-25,9418.52,long,,rdp_v1_mult8_atr14_sw8,rdp_v1
2025-06-26,9301.05,long,,rdp_v1_mult8_atr14_sw8,rdp_v1
2025-06-27,9404.89,long,,rdp_v1_mult8_atr14_sw8,rdp_v1
2025-06-30,9948.51,long,,rdp_v1_mult8_atr14_sw8,rdp_v1
2025-07-01,10080.35,long,,rdp_v1_mult8_atr14_sw8,rdp_v1
2025-07-02,10189.02,long,,rdp_v1_mult8_atr14_sw8,rdp_v1
2025-07-03,10228.39,long,,rdp_v1_mult8_atr14_sw8,rdp_v1
2025-07-04,10275.75,long,,rdp_v1_mult8_atr14_sw8,rdp_v1
2025-07-07,10107.68,long,,rdp_v1_mult8_atr14_sw8,rdp_v1
2025-07-08,9998.2,long,,rdp_v1_mult8_atr14_sw8,rdp_v1
2025-07-09,10167.26,long,,rdp_v1_mult8_atr14_sw8,rdp_v1
2025-07-10,10331.31,long,,rdp_v1_mult8_atr14_sw8,rdp_v1
2025-07-11,10358.46,long,,rdp_v1_mult8_atr14_sw8,rdp_v1
2025-07-14,10225.48,long,,rdp_v1_mult8_atr14_sw8,rdp_v1
2025-07-16,10121.52,long,,rdp_v1_mult8_atr14_sw8,rdp_v1
2025-07-17,10370.71,neutral,,rdp_v1_mult8_atr14_sw8,rdp_v1
2025-07-18,10366.16,neutral,,rdp_v1_mult8_atr14_sw8,rdp_v1
2025-07-21,10616.18,neutral,,rdp_v1_mult8_atr14_sw8,rdp_v1
2025-07-22,10616.09,neutral,,rdp_v1_mult8_atr14_sw8,rdp_v1
2025-07-23,10591.98,neutral,,rdp_v1_mult8_atr14_sw8,rdp_v1
2025-07-24,10689.05,neutral,,rdp_v1_mult8_atr14_sw8,rdp_v1
2025-07-25,10642.6,neutral,,rdp_v1_mult8_atr14_sw8,rdp_v1
2025-07-28,10542.09,neutral,,rdp_v1_mult8_atr14_sw8,rdp_v1
2025-07-29,10487.25,neutral,,rdp_v1_mult8_atr14_sw8,rdp_v1
2025-07-30,10618.97,neutral,,rdp_v1_mult8_atr14_sw8,rdp_v1
2025-07-31,10743.2,neutral,,rdp_v1_mult8_atr14_sw8,rdp_v1
2025-08-01,10746.98,neutral,,rdp_v1_mult8_atr14_sw8,rdp_v1
2025-08-04,10853.49,neutral,,rdp_v1_mult8_atr14_sw8,rdp_v1
2025-08-05,10849.96,neutral,,rdp_v1_mult8_atr14_sw8,rdp_v1
2025-08-06,10901.01,neutral,,rdp_v1_mult8_atr14_sw8,rdp_v1
2025-08-07,10956.05,neutral,,rdp_v1_mult8_atr14_sw8,rdp_v1
2025-08-08,10972.63,neutral,,rdp_v1_mult8_atr14_sw8,rdp_v1
2025-08-11,11038.32,neutral,,rdp_v1_mult8_atr14_sw8,rdp_v1
2025-08-12,10954.5,neutral,,rdp_v1_mult8_atr14_sw8,rdp_v1
2025-08-13,10949.95,neutral,,rdp_v1_mult8_atr14_sw8,rdp_v1
2025-08-14,10824.55,neutral,,rdp_v1_mult8_atr14_sw8,rdp_v1
2025-08-15,10870.57,neutral,,rdp_v1_mult8_atr14_sw8,rdp_v1
2025-08-18,10929.77,neutral,,rdp_v1_mult8_atr14_sw8,rdp_v1
2025-08-19,10962.02,neutral,,rdp_v1_mult8_atr14_sw8,rdp_v1
2025-08-20,11134.73,neutral,,rdp_v1_mult8_atr14_sw8,rdp_v1
2025-08-21,11313.9,neutral,,rdp_v1_mult8_atr14_sw8,rdp_v1
2025-08-22,11372.33,neutral,,rdp_v1_mult8_atr14_sw8,rdp_v1
2025-08-25,11477.8,neutral,,rdp_v1_mult8_atr14_sw8,rdp_v1
2025-08-26,11529.81,neutral,,rdp_v1_mult8_atr14_sw8,rdp_v1
2025-08-27,11359.01,neutral,,rdp_v1_mult8_atr14_sw8,rdp_v1
2025-08-28,11368.78,neutral,,rdp_v1_mult8_atr14_sw8,rdp_v1
2025-08-29,11288.05,neutral,,rdp_v1_mult8_atr14_sw8,rdp_v1
2025-09-01,11279.95,neutral,,rdp_v1_mult8_atr14_sw8,rdp_v1
2025-09-02,10877.52,neutral,,rdp_v1_mult8_atr14_sw8,rdp_v1
2025-09-03,10737.68,neutral,,rdp_v1_mult8_atr14_sw8,rdp_v1
2025-09-04,10828.93,neutral,,rdp_v1_mult8_atr14_sw8,rdp_v1
2025-09-05,10729.49,neutral,,rdp_v1_mult8_atr14_sw8,rdp_v1
2025-09-08,10449.36,neutral,,rdp_v1_mult8_atr14_sw8,rdp_v1
2025-09-09,10486.09,neutral,,rdp_v1_mult8_atr14_sw8,rdp_v1
2025-09-10,10586.32,neutral,,rdp_v1_mult8_atr14_sw8,rdp_v1
2025-09-11,10382.89,neutral,,rdp_v1_mult8_atr14_sw8,rdp_v1
2025-09-12,10372.04,neutral,,rdp_v1_mult8_atr14_sw8,rdp_v1
2025-09-15,11000.26,neutral,,rdp_v1_mult8_atr14_sw8,rdp_v1
2025-09-16,11182.96,neutral,,rdp_v1_mult8_atr14_sw8,rdp_v1
2025-09-17,11165.85,neutral,,rdp_v1_mult8_atr14_sw8,rdp_v1
2025-09-18,11048.11,neutral,,rdp_v1_mult8_atr14_sw8,rdp_v1
2025-09-19,11294.48,neutral,,rdp_v1_mult8_atr14_sw8,rdp_v1
2025-09-22,11468.07,neutral,,rdp_v1_mult8_atr14_sw8,rdp_v1
2025-09-23,11331.75,neutral,,rdp_v1_mult8_atr14_sw8,rdp_v1
2025-09-24,11366.93,neutral,,rdp_v1_mult8_atr14_sw8,rdp_v1
2025-09-25,11377.55,neutral,,rdp_v1_mult8_atr14_sw8,rdp_v1
2025-09-26,11151.2,neutral,,rdp_v1_mult8_atr14_sw8,rdp_v1
2025-09-29,11048.13,neutral,,rdp_v1_mult8_atr14_sw8,rdp_v1
2025-09-30,11012.12,neutral,,rdp_v1_mult8_atr14_sw8,rdp_v1
2025-10-01,11220.22,neutral,,rdp_v1_mult8_atr14_sw8,rdp_v1
2025-10-02,11082.63,neutral,,rdp_v1_mult8_atr14_sw8,rdp_v1
2025-10-03,10858.52,neutral,,rdp_v1_mult8_atr14_sw8,rdp_v1
2025-10-06,10734.87,neutral,,rdp_v1_mult8_atr14_sw8,rdp_v1
2025-10-07,10814.11,neutral,,rdp_v1_mult8_atr14_sw8,rdp_v1
2025-10-08,10756.27,neutral,,rdp_v1_mult8_atr14_sw8,rdp_v1
2025-10-09,10726.98,neutral,,rdp_v1_mult8_atr14_sw8,rdp_v1
2025-10-10,10720.36,neutral,,rdp_v1_mult8_atr14_sw8,rdp_v1
2025-10-13,10556.18,neutral,,rdp_v1_mult8_atr14_sw8,rdp_v1
2025-10-14,10316.4,neutral,,rdp_v1_mult8_atr14_sw8,rdp_v1
2025-10-15,10464.48,neutral,,rdp_v1_mult8_atr14_sw8,rdp_v1
2025-10-16,10370.78,neutral,,rdp_v1_mult8_atr14_sw8,rdp_v1
2025-10-17,10208.76,neutral,,rdp_v1_mult8_atr14_sw8,rdp_v1
2025-10-20,10484.39,neutral,,rdp_v1_mult8_atr14_sw8,rdp_v1
2025-10-21,10467.2,neutral,,rdp_v1_mult8_atr14_sw8,rdp_v1
2025-10-22,10551.34,neutral,,rdp_v1_mult8_atr14_sw8,rdp_v1
2025-10-23,10608.26,neutral,,rdp_v1_mult8_atr14_sw8,rdp_v1
2025-10-24,10941.79,neutral,,rdp_v1_mult8_atr14_sw8,rdp_v1
2025-10-27,10853.43,neutral,,rdp_v1_mult8_atr14_sw8,rdp_v1
2025-10-28,10871.08,neutral,,rdp_v1_mult8_atr14_sw8,rdp_v1
2025-10-30,10837.3,neutral,,rdp_v1_mult8_atr14_sw8,rdp_v1
2025-10-31,10971.52,neutral,,rdp_v1_mult8_atr14_sw8,rdp_v1
2025-11-03,11060.39,neutral,,rdp_v1_mult8_atr14_sw8,rdp_v1
2025-11-04,10914.1,neutral,,rdp_v1_mult8_atr14_sw8,rdp_v1
2025-11-05,10970.37,neutral,,rdp_v1_mult8_atr14_sw8,rdp_v1
2025-11-06,11073.27,neutral,,rdp_v1_mult8_atr14_sw8,rdp_v1
2025-11-07,10924.53,neutral,,rdp_v1_mult8_atr14_sw8,rdp_v1
2025-11-10,10789.03,neutral,,rdp_v1_mult8_atr14_sw8,rdp_v1
2025-11-11,10576.45,neutral,,rdp_v1_mult8_atr14_sw8,rdp_v1
2025-11-12,10640.86,neutral,,rdp_v1_mult8_atr14_sw8,rdp_v1
2025-11-13,10628.63,neutral,,rdp_v1_mult8_atr14_sw8,rdp_v1
2025-11-14,10565.74,neutral,,rdp_v1_mult8_atr14_sw8,rdp_v1
2025-11-17,10698.13,neutral,,rdp_v1_mult8_atr14_sw8,rdp_v1
2025-11-18,10728.6,neutral,,rdp_v1_mult8_atr14_sw8,rdp_v1
2025-11-19,10903.91,neutral,,rdp_v1_mult8_atr14_sw8,rdp_v1
2025-11-20,10979.73,neutral,,rdp_v1_mult8_atr14_sw8,rdp_v1
2025-11-21,10922.86,neutral,,rdp_v1_mult8_atr14_sw8,rdp_v1
2025-11-24,10888.02,neutral,,rdp_v1_mult8_atr14_sw8,rdp_v1
2025-11-25,10857.17,neutral,,rdp_v1_mult8_atr14_sw8,rdp_v1
2025-11-26,10914.65,neutral,,rdp_v1_mult8_atr14_sw8,rdp_v1
2025-11-27,10945.49,neutral,,rdp_v1_mult8_atr14_sw8,rdp_v1
2025-11-28,10898.7,neutral,,rdp_v1_mult8_atr14_sw8,rdp_v1
2025-12-01,11116.45,neutral,,rdp_v1_mult8_atr14_sw8,rdp_v1
2025-12-02,11123.47,neutral,,rdp_v1_mult8_atr14_sw8,rdp_v1
2025-12-03,11036.82,neutral,,rdp_v1_mult8_atr14_sw8,rdp_v1
2025-12-04,10918.51,neutral,,rdp_v1_mult8_atr14_sw8,rdp_v1
2025-12-05,11007.37,neutral,,rdp_v1_mult8_atr14_sw8,rdp_v1
2025-12-08,11189.5,neutral,,rdp_v1_mult8_atr14_sw8,rdp_v1
2025-12-09,11238.36,neutral,,rdp_v1_mult8_atr14_sw8,rdp_v1
2025-12-10,11193.88,neutral,,rdp_v1_mult8_atr14_sw8,rdp_v1
2025-12-11,11233.66,neutral,,rdp_v1_mult8_atr14_sw8,rdp_v1
2025-12-12,11311.31,neutral,,rdp_v1_mult8_atr14_sw8,rdp_v1
2025-12-15,11456.34,neutral,,rdp_v1_mult8_atr14_sw8,rdp_v1
2025-12-16,11348.83,neutral,,rdp_v1_mult8_atr14_sw8,rdp_v1
2025-12-17,11286.81,neutral,,rdp_v1_mult8_atr14_sw8,rdp_v1
2025-12-18,11335.05,neutral,,rdp_v1_mult8_atr14_sw8,rdp_v1
2025-12-19,11341.9,neutral,,rdp_v1_mult8_atr14_sw8,rdp_v1
2025-12-22,11311.06,neutral,,rdp_v1_mult8_atr14_sw8,rdp_v1
2025-12-23,11290.36,neutral,,rdp_v1_mult8_atr14_sw8,rdp_v1
2025-12-24,11340.1,neutral,,rdp_v1_mult8_atr14_sw8,rdp_v1
2025-12-25,11336.18,neutral,,rdp_v1_mult8_atr14_sw8,rdp_v1
2025-12-26,11294.37,long,,rdp_v1_mult8_atr14_sw8,rdp_v1
2025-12-29,11150.9,long,,rdp_v1_mult8_atr14_sw8,rdp_v1
2025-12-30,11220.17,long,,rdp_v1_mult8_atr14_sw8,rdp_v1
2025-12-31,11261.52,long,,rdp_v1_mult8_atr14_sw8,rdp_v1
2026-01-02,11498.38,long,,rdp_v1_mult8_atr14_sw8,rdp_v1
2026-01-05,11702.0,long,,rdp_v1_mult8_atr14_sw8,rdp_v1
2026-01-06,12023.78,long,,rdp_v1_mult8_atr14_sw8,rdp_v1
2026-01-07,12028.84,long,,rdp_v1_mult8_atr14_sw8,rdp_v1
2026-01-08,12087.97,long,,rdp_v1_mult8_atr14_sw8,rdp_v1
2026-01-09,12200.95,long,,rdp_v1_mult8_atr14_sw8,rdp_v1
2026-01-12,12254.83,long,,rdp_v1_mult8_atr14_sw8,rdp_v1
2026-01-13,12385.61,long,,rdp_v1_mult8_atr14_sw8,rdp_v1
2026-01-14,12369.89,long,,rdp_v1_mult8_atr14_sw8,rdp_v1
2026-01-15,12456.69,long,,rdp_v1_mult8_atr14_sw8,rdp_v1
2026-01-16,12668.52,long,,rdp_v1_mult8_atr14_sw8,rdp_v1
2026-01-19,12747.88,long,,rdp_v1_mult8_atr14_sw8,rdp_v1
2026-01-20,12805.81,long,,rdp_v1_mult8_atr14_sw8,rdp_v1
2026-01-21,12728.18,long,,rdp_v1_mult8_atr14_sw8,rdp_v1
2026-01-22,12851.49,long,,rdp_v1_mult8_atr14_sw8,rdp_v1
2026-01-23,12992.71,long,,rdp_v1_mult8_atr14_sw8,rdp_v1
2026-01-26,13177.32,long,,rdp_v1_mult8_atr14_sw8,rdp_v1
2026-01-27,13106.99,long,,rdp_v1_mult8_atr14_sw8,rdp_v1
2026-01-28,13407.44,long,,rdp_v1_mult8_atr14_sw8,rdp_v1
2026-01-29,13831.09,long,,rdp_v1_mult8_atr14_sw8,rdp_v1
2026-01-30,13838.29,long,,rdp_v1_mult8_atr14_sw8,rdp_v1
2026-02-02,13620.95,long,,rdp_v1_mult8_atr14_sw8,rdp_v1
2026-02-03,13875.32,long,,rdp_v1_mult8_atr14_sw8,rdp_v1
2026-02-04,13891.21,long,,rdp_v1_mult8_atr14_sw8,rdp_v1
2026-02-05,13589.14,neutral,,rdp_v1_mult8_atr14_sw8,rdp_v1
2026-02-06,13521.96,neutral,,rdp_v1_mult8_atr14_sw8,rdp_v1
2026-02-09,13838.38,neutral,,rdp_v1_mult8_atr14_sw8,rdp_v1
2026-02-10,13797.04,neutral,,rdp_v1_mult8_atr14_sw8,rdp_v1
2026-02-11,13787.82,neutral,,rdp_v1_mult8_atr14_sw8,rdp_v1
2026-02-12,14180.48,neutral,,rdp_v1_mult8_atr14_sw8,rdp_v1
2026-02-13,14180.69,neutral,,rdp_v1_mult8_atr14_sw8,rdp_v1
2026-02-16,14339.3,neutral,,rdp_v1_mult8_atr14_sw8,rdp_v1
2026-02-17,14227.29,neutral,,rdp_v1_mult8_atr14_sw8,rdp_v1
2026-02-18,14259.9,neutral,,rdp_v1_mult8_atr14_sw8,rdp_v1
2026-02-19,13804.21,neutral,,rdp_v1_mult8_atr14_sw8,rdp_v1
2026-02-20,13934.06,neutral,,rdp_v1_mult8_atr14_sw8,rdp_v1
2026-02-23,14061.71,neutral,,rdp_v1_mult8_atr14_sw8,rdp_v1
2026-02-24,14050.83,neutral,,rdp_v1_mult8_atr14_sw8,rdp_v1
2026-02-25,13809.88,neutral,,rdp_v1_mult8_atr14_sw8,rdp_v1
2026-02-26,13878.54,short,,rdp_v1_mult8_atr14_sw8,rdp_v1
2026-02-27,13717.81,short,,rdp_v1_mult8_atr14_sw8,rdp_v1
2026-03-02,13346.43,short,,rdp_v1_mult8_atr14_sw8,rdp_v1
2026-03-03,12933.4,short,,rdp_v1_mult8_atr14_sw8,rdp_v1
2026-03-04,12943.19,short,,rdp_v1_mult8_atr14_sw8,rdp_v1
2026-03-05,13078.93,short,,rdp_v1_mult8_atr14_sw8,rdp_v1
2026-03-06,12792.81,short,,rdp_v1_mult8_atr14_sw8,rdp_v1
2026-03-09,12702.0,long,,rdp_v1_mult8_atr14_sw8,rdp_v1
2026-03-10,13175.74,long,,rdp_v1_mult8_atr14_sw8,rdp_v1
2026-03-11,13200.38,long,,rdp_v1_mult8_atr14_sw8,rdp_v1
2026-03-12,13286.12,long,,rdp_v1_mult8_atr14_sw8,rdp_v1
2026-03-13,13092.93,long,,rdp_v1_mult8_atr14_sw8,rdp_v1
2026-03-16,12956.72,long,,rdp_v1_mult8_atr14_sw8,rdp_v1
2026-03-17,13217.6,long,,rdp_v1_mult8_atr14_sw8,rdp_v1
2026-03-18,13115.13,long,,rdp_v1_mult8_atr14_sw8,rdp_v1
2026-03-19,13047.72,long,,rdp_v1_mult8_atr14_sw8,rdp_v1
2026-03-23,13168.16,long,,rdp_v1_mult8_atr14_sw8,rdp_v1
2026-03-24,12930.16,long,,rdp_v1_mult8_atr14_sw8,rdp_v1
2026-03-25,12963.87,long,,rdp_v1_mult8_atr14_sw8,rdp_v1
2026-03-26,12727.06,long,,rdp_v1_mult8_atr14_sw8,rdp_v1
2026-03-27,12698.19,long,,rdp_v1_mult8_atr14_sw8,rdp_v1
2026-03-30,12626.35,long,,rdp_v1_mult8_atr14_sw8,rdp_v1
2026-03-31,12790.98,long,,rdp_v1_mult8_atr14_sw8,rdp_v1
2026-04-01,12937.87,long,,rdp_v1_mult8_atr14_sw8,rdp_v1
2026-04-02,13051.69,long,,rdp_v1_mult8_atr14_sw8,rdp_v1
2026-04-03,12936.35,long,,rdp_v1_mult8_atr14_sw8,rdp_v1
2026-04-06,13112.31,long,,rdp_v1_mult8_atr14_sw8,rdp_v1
2026-04-07,12921.56,long,,rdp_v1_mult8_atr14_sw8,rdp_v1
2026-04-08,13536.84,long,,rdp_v1_mult8_atr14_sw8,rdp_v1
2026-04-09,13689.0,long,,rdp_v1_mult8_atr14_sw8,rdp_v1
2026-04-10,14073.79,long,,rdp_v1_mult8_atr14_sw8,rdp_v1
2026-04-13,14058.51,long,,rdp_v1_mult8_atr14_sw8,rdp_v1
2026-04-14,14202.24,long,,rdp_v1_mult8_atr14_sw8,rdp_v1
2026-04-15,14252.38,long,,rdp_v1_mult8_atr14_sw8,rdp_v1
2026-04-16,14201.05,long,,rdp_v1_mult8_atr14_sw8,rdp_v1
2026-04-17,14587.93,long,,rdp_v1_mult8_atr14_sw8,rdp_v1
2026-04-20,14484.91,long,,rdp_v1_mult8_atr14_sw8,rdp_v1
2026-04-21,14375.4,long,,rdp_v1_mult8_atr14_sw8,rdp_v1
2026-04-22,14335.49,long,,rdp_v1_mult8_atr14_sw8,rdp_v1
2026-04-24,14409.07,long,,rdp_v1_mult8_atr14_sw8,rdp_v1
2026-04-27,14594.01,long,,rdp_v1_mult8_atr14_sw8,rdp_v1
2026-04-28,14329.34,long,,rdp_v1_mult8_atr14_sw8,rdp_v1
2026-04-29,14311.19,long,,rdp_v1_mult8_atr14_sw8,rdp_v1
