ticker,date
A1CAP,2024-01-25
A1CAP,2024-03-01
A1CAP,2024-12-31
A1CAP,2026-01-02
A1CAP,2026-01-13
A1CAP,2026-02-02
ACSEL,2024-02-07
ACSEL,2024-12-09
ACSEL,2025-03-10
ACSEL,2026-02-16
ACSEL,2026-03-26
ADEL,2023-12-01
ADEL,2024-02-01
ADEL,2024-03-13
ADEL,2024-03-14
ADEL,2024-04-29
ADEL,2025-03-06
ADEL,2025-03-07
ADEL,2025-04-21
ADEL,2025-04-24
ADEL,2025-11-21
ADEL,2025-11-24
ADEL,2026-01-15
ADEL,2026-03-30
ADEL,2026-03-31
ADEL,2026-04-02
ADEL,2026-04-03
ADESE,2024-01-15
ADESE,2024-02-07
ADESE,2024-11-28
ADESE,2024-12-03
ADESE,2025-01-06
ADGYO,2024-03-04
ADGYO,2026-01-06
ADGYO,2026-01-09
ADGYO,2026-01-14
ADGYO,2026-01-15
AEFES,2023-12-19
AEFES,2023-12-20
AEFES,2024-02-01
AEFES,2024-02-05
AEFES,2024-02-06
AEFES,2024-12-06
AFYON,2025-12-08
AFYON,2026-01-27
AGESA,2024-02-07
AGESA,2024-03-11
AGESA,2024-04-22
AGHOL,2024-01-26
AGHOL,2024-02-08
AGHOL,2024-12-06
AGHOL,2025-11-25
AGHOL,2025-12-11
AGHOL,2026-01-14
AGHOL,2026-01-30
AGROT,2024-01-18
AGROT,2025-11-18
AGROT,2026-04-06
AGYO,2023-12-06
AGYO,2024-01-16
AGYO,2024-12-05
AGYO,2026-01-19
AGYO,2026-01-26
AGYO,2026-03-12
AGYO,2026-03-17
AHGAZ,2024-01-19
AHGAZ,2025-03-10
AHGAZ,2025-04-08
AHGAZ,2025-04-10
AHGAZ,2026-01-22
AHGAZ,2026-01-23
AHGAZ,2026-01-29
AHSGY,2025-01-20
AHSGY,2025-12-17
AHSGY,2026-01-07
AKBNK,2023-11-27
AKBNK,2024-01-12
AKBNK,2024-11-21
AKBNK,2024-11-22
AKBNK,2025-03-03
AKBNK,2026-01-19
AKBNK,2026-01-28
AKCNS,2024-01-30
AKCNS,2024-04-26
AKCNS,2024-12-09
AKCNS,2025-01-23
AKCNS,2025-01-24
AKCNS,2025-12-10
AKCNS,2026-01-27
AKCNS,2026-02-09
AKENR,2024-02-12
AKENR,2024-02-16
AKENR,2024-03-01
AKENR,2024-12-30
AKENR,2025-11-24
AKFGY,2024-01-25
AKFGY,2024-02-12
AKFGY,2024-03-12
AKFGY,2024-11-19
AKFGY,2025-03-13
AKFGY,2025-12-24
AKFIS,2026-01-23
AKFIS,2026-02-13
AKFYE,2024-01-12
AKFYE,2024-01-16
AKFYE,2024-01-17
AKFYE,2024-01-22
AKFYE,2024-01-29
AKFYE,2024-03-13
AKFYE,2024-11-18
AKFYE,2026-01-16
AKFYE,2026-02-02
AKFYE,2026-02-03
AKGRT,2024-01-11
AKGRT,2024-04-22
AKGRT,2024-04-24
AKGRT,2024-11-26
AKGRT,2024-11-29
AKGRT,2024-12-05
AKGRT,2024-12-06
AKGRT,2025-01-17
AKGRT,2025-03-14
AKGRT,2025-12-12
AKGRT,2026-01-15
AKMGY,2024-01-12
AKMGY,2024-01-16
AKMGY,2024-01-22
AKMGY,2024-03-15
AKMGY,2024-04-26
AKMGY,2024-12-16
AKMGY,2025-02-18
AKMGY,2025-03-12
AKMGY,2026-02-02
AKMGY,2026-03-23
AKMGY,2026-03-24
AKMGY,2026-03-25
AKMGY,2026-04-03
AKMGY,2026-04-06
AKSA,2023-12-28
AKSA,2023-12-29
AKSA,2024-02-06
AKSA,2024-02-07
AKSA,2024-02-26
AKSA,2024-04-26
AKSA,2024-11-29
AKSA,2024-12-03
AKSA,2024-12-11
AKSA,2024-12-13
AKSA,2024-12-31
AKSA,2025-02-19
AKSA,2025-02-20
AKSA,2026-01-26
AKSEN,2024-01-25
AKSEN,2024-02-16
AKSEN,2024-11-29
AKSEN,2024-12-26
AKSEN,2025-12-02
AKSEN,2025-12-26
AKSEN,2026-03-12
AKSGY,2024-01-19
AKSGY,2024-01-22
AKSGY,2024-02-05
AKSGY,2024-02-16
AKSGY,2024-12-03
AKSGY,2025-03-14
AKSGY,2026-01-06
AKSUE,2024-01-30
AKSUE,2024-04-22
AKSUE,2024-11-22
AKSUE,2024-12-06
AKSUE,2025-02-26
AKSUE,2025-02-27
AKSUE,2025-02-28
AKSUE,2025-03-07
AKSUE,2025-03-11
AKSUE,2025-03-17
AKSUE,2025-04-29
AKSUE,2025-12-19
AKSUE,2025-12-22
AKSUE,2025-12-25
AKSUE,2025-12-31
AKSUE,2026-03-04
AKSUE,2026-03-10
AKYHO,2023-12-01
AKYHO,2023-12-04
AKYHO,2024-01-08
AKYHO,2024-01-18
AKYHO,2024-01-19
AKYHO,2024-03-20
AKYHO,2024-04-16
AKYHO,2024-11-19
AKYHO,2025-02-17
AKYHO,2025-03-03
AKYHO,2025-03-04
AKYHO,2026-01-20
ALARK,2024-01-26
ALARK,2024-01-29
ALARK,2024-02-06
ALARK,2024-02-21
ALARK,2024-04-05
ALARK,2025-11-18
ALARK,2025-12-05
ALARK,2025-12-22
ALARK,2025-12-24
ALBRK,2024-02-06
ALBRK,2024-04-05
ALBRK,2024-04-24
ALBRK,2024-04-29
ALBRK,2024-11-21
ALBRK,2025-01-17
ALBRK,2025-03-06
ALBRK,2026-01-30
ALCAR,2023-12-05
ALCAR,2023-12-06
ALCAR,2024-01-29
ALCAR,2024-02-08
ALCAR,2024-03-06
ALCAR,2025-03-10
ALCAR,2025-03-17
ALCAR,2025-04-02
ALCAR,2025-04-03
ALCAR,2026-01-19
ALCTL,2024-01-22
ALCTL,2025-01-23
ALCTL,2025-01-27
ALCTL,2025-02-28
ALCTL,2026-01-09
ALCTL,2026-01-12
ALCTL,2026-01-21
ALCTL,2026-01-22
ALCTL,2026-01-23
ALFAS,2024-01-29
ALFAS,2024-02-06
ALFAS,2024-12-13
ALFAS,2024-12-16
ALFAS,2024-12-17
ALFAS,2025-11-17
ALGYO,2024-01-25
ALGYO,2024-02-02
ALGYO,2024-02-08
ALGYO,2024-02-15
ALGYO,2024-02-22
ALGYO,2024-02-26
ALGYO,2024-04-26
ALGYO,2026-01-05
ALGYO,2026-01-08
ALGYO,2026-03-27
ALGYO,2026-03-30
ALGYO,2026-03-31
ALKA,2024-01-31
ALKA,2024-02-16
ALKA,2024-02-20
ALKA,2024-03-04
ALKA,2024-11-18
ALKA,2024-12-09
ALKA,2024-12-10
ALKA,2024-12-19
ALKA,2025-01-02
ALKA,2025-12-17
ALKA,2026-01-12
ALKA,2026-04-07
ALKIM,2024-02-01
ALKIM,2024-04-26
ALKIM,2024-12-12
ALKIM,2025-01-02
ALKIM,2025-12-17
ALKIM,2026-01-09
ALKIM,2026-01-12
ALKLC,2024-12-02
ALKLC,2025-02-11
ALKLC,2025-03-11
ALKLC,2025-03-12
ALKLC,2025-03-13
ALKLC,2025-03-18
ALKLC,2025-12-05
ALTNY,2025-03-06
ALTNY,2025-03-07
ALTNY,2025-03-10
ALTNY,2025-03-18
ALTNY,2026-01-15
ALVES,2024-12-09
ALVES,2025-04-21
ALVES,2025-04-28
ALVES,2026-01-15
ALVES,2026-01-27
ALVES,2026-04-01
ANELE,2023-11-22
ANELE,2024-01-12
ANELE,2024-02-23
ANELE,2024-03-27
ANELE,2024-12-16
ANELE,2025-02-24
ANELE,2025-03-13
ANELE,2025-04-22
ANELE,2025-12-31
ANELE,2026-01-09
ANELE,2026-04-03
ANGEN,2025-01-07
ANHYT,2024-01-23
ANHYT,2024-01-24
ANHYT,2024-02-05
ANHYT,2026-01-23
ANHYT,2026-03-19
ANSGR,2023-11-23
ANSGR,2024-03-08
ANSGR,2024-11-26
ANSGR,2024-11-29
ANSGR,2026-01-14
ANSGR,2026-01-29
ANSGR,2026-01-30
ARASE,2023-11-15
ARASE,2024-02-02
ARASE,2024-02-22
ARASE,2024-04-15
ARASE,2024-04-24
ARASE,2025-11-20
ARASE,2025-12-17
ARASE,2025-12-25
ARASE,2025-12-31
ARASE,2026-03-13
ARASE,2026-03-16
ARCLK,2024-02-01
ARCLK,2024-02-07
ARCLK,2024-02-29
ARCLK,2024-12-09
ARCLK,2025-03-06
ARCLK,2025-03-07
ARCLK,2026-01-29
ARDYZ,2024-01-03
ARDYZ,2024-01-04
ARDYZ,2024-01-18
ARDYZ,2024-01-25
ARDYZ,2024-01-31
ARDYZ,2024-02-06
ARDYZ,2025-12-04
ARENA,2023-11-17
ARENA,2023-11-28
ARENA,2024-01-25
ARENA,2024-02-06
ARENA,2024-12-10
ARENA,2025-01-09
ARENA,2025-02-17
ARENA,2025-03-05
ARENA,2025-12-09
ARENA,2026-01-12
ARMGD,2025-11-21
ARMGD,2025-12-09
ARMGD,2025-12-10
ARMGD,2025-12-15
ARMGD,2025-12-30
ARMGD,2026-03-27
ARMGD,2026-04-01
ARMGD,2026-04-02
ARMGD,2026-04-03
ARMGD,2026-04-06
ARMGD,2026-04-07
ARSAN,2023-11-15
ARSAN,2024-01-29
ARSAN,2024-02-15
ARSAN,2024-04-17
ARSAN,2024-04-22
ARSAN,2024-11-22
ARSAN,2025-04-28
ARSAN,2025-12-31
ARSAN,2026-01-12
ARTMS,2026-03-25
ARZUM,2024-01-26
ARZUM,2024-02-05
ARZUM,2024-02-08
ARZUM,2024-02-09
ARZUM,2025-03-13
ARZUM,2025-03-18
ARZUM,2026-02-05
ARZUM,2026-02-09
ARZUM,2026-02-10
ARZUM,2026-02-11
ARZUM,2026-04-02
ASELS,2023-11-21
ASELS,2024-02-13
ASELS,2024-04-29
ASELS,2024-12-23
ASELS,2025-01-28
ASELS,2025-02-28
ASELS,2025-03-03
ASELS,2025-03-04
ASELS,2025-03-05
ASELS,2025-03-11
ASELS,2025-12-09
ASELS,2025-12-23
ASELS,2026-01-06
ASELS,2026-01-20
ASELS,2026-02-27
ASGYO,2024-11-15
ASGYO,2024-11-22
ASGYO,2026-01-12
ASGYO,2026-02-13
ASGYO,2026-02-16
ASTOR,2025-12-08
ASTOR,2025-12-26
ASTOR,2026-01-08
ASTOR,2026-03-25
ASUZU,2024-03-25
ASUZU,2025-03-13
ATAGY,2024-01-08
ATAGY,2024-02-05
ATAGY,2024-02-16
ATAGY,2024-03-01
ATAGY,2024-04-15
ATAGY,2025-11-19
ATAGY,2025-12-26
ATAGY,2025-12-29
ATAKP,2024-01-26
ATAKP,2024-12-31
ATAKP,2026-01-14
ATATP,2023-11-20
ATATP,2023-11-21
ATATP,2024-01-08
ATATP,2024-12-30
ATATP,2025-01-15
ATATP,2026-02-17
ATEKS,2023-12-05
ATEKS,2024-01-12
ATEKS,2024-01-31
ATEKS,2024-02-12
ATEKS,2024-03-04
ATEKS,2025-12-29
ATEKS,2026-03-17
ATLAS,2024-02-01
ATLAS,2024-02-12
ATLAS,2024-02-20
ATLAS,2024-04-08
ATLAS,2024-12-12
ATLAS,2025-04-03
ATLAS,2025-12-17
ATLAS,2025-12-18
ATLAS,2026-01-28
ATLAS,2026-01-29
ATLAS,2026-02-03
ATLAS,2026-02-11
ATSYH,2024-04-17
ATSYH,2025-02-10
ATSYH,2025-02-11
AVGYO,2023-11-28
AVGYO,2024-02-19
AVGYO,2024-04-17
AVGYO,2025-03-21
AVGYO,2025-03-24
AVGYO,2025-04-03
AVGYO,2025-12-17
AVGYO,2026-02-05
AVGYO,2026-02-11
AVGYO,2026-02-13
AVHOL,2024-11-15
AVHOL,2025-04-11
AVHOL,2025-04-14
AVHOL,2025-04-15
AVOD,2024-01-18
AVOD,2024-02-07
AVOD,2024-02-15
AVOD,2025-01-14
AVOD,2025-01-15
AVOD,2025-01-16
AVOD,2025-01-17
AVOD,2025-04-14
AVOD,2025-12-22
AVOD,2026-01-23
AVOD,2026-01-26
AVOD,2026-01-27
AVPGY,2024-04-02
AVPGY,2024-11-15
AVPGY,2024-11-18
AVPGY,2025-01-20
AVPGY,2025-01-28
AVPGY,2025-03-10
AVPGY,2026-01-12
AVPGY,2026-01-15
AVTUR,2024-01-23
AVTUR,2024-02-16
AVTUR,2024-02-19
AVTUR,2024-03-20
AVTUR,2024-04-18
AVTUR,2024-12-03
AVTUR,2024-12-04
AVTUR,2024-12-09
AVTUR,2025-04-15
AVTUR,2026-01-07
AVTUR,2026-01-20
AVTUR,2026-03-03
AVTUR,2026-03-04
AYCES,2023-11-22
AYCES,2024-01-03
AYCES,2024-01-05
AYCES,2024-01-12
AYCES,2024-02-20
AYCES,2025-03-12
AYCES,2026-01-14
AYCES,2026-03-06
AYDEM,2024-02-13
AYDEM,2024-03-20
AYDEM,2025-12-26
AYDEM,2025-12-31
AYDEM,2026-01-02
AYDEM,2026-02-03
AYDEM,2026-03-30
AYEN,2024-01-26
AYEN,2024-02-07
AYEN,2024-04-24
AYEN,2024-11-15
AYEN,2025-01-03
AYEN,2026-01-16
AYEN,2026-01-19
AYEN,2026-01-22
AYEN,2026-01-23
AYEN,2026-03-31
AYEN,2026-04-02
AYES,2024-01-30
AYES,2024-02-13
AYES,2024-03-12
AYES,2024-04-26
AYES,2025-02-18
AYES,2025-11-26
AYES,2026-02-04
AYGAZ,2024-01-05
AYGAZ,2024-02-12
AYGAZ,2024-03-07
AYGAZ,2024-04-05
AYGAZ,2024-04-30
AZTEK,2024-01-29
AZTEK,2024-01-30
AZTEK,2026-02-02
BAGFS,2023-11-27
BAGFS,2023-11-29
BAGFS,2025-01-09
BAGFS,2025-04-09
BAGFS,2026-01-30
BAGFS,2026-02-27
BAGFS,2026-03-02
BAGFS,2026-03-03
BAGFS,2026-03-04
BAHKM,2024-12-09
BAHKM,2025-11-27
BAHKM,2026-03-18
BAKAB,2024-01-12
BAKAB,2024-01-31
BAKAB,2024-03-05
BAKAB,2025-04-11
BAKAB,2026-01-26
BAKAB,2026-04-01
BALAT,2024-11-21
BALAT,2024-11-25
BALAT,2024-12-02
BALAT,2025-03-28
BALAT,2025-12-16
BALAT,2025-12-24
BALSU,2025-04-11
BALSU,2026-04-06
BANVT,2023-11-15
BANVT,2024-02-16
BANVT,2024-04-29
BANVT,2026-01-16
BARMA,2025-03-07
BARMA,2025-03-10
BARMA,2025-03-17
BARMA,2025-11-18
BARMA,2025-11-26
BASCM,2023-11-24
BASCM,2024-01-29
BASCM,2024-02-01
BASCM,2024-02-12
BASCM,2024-02-19
BASCM,2024-03-12
BASCM,2025-02-25
BASCM,2025-03-04
BASCM,2025-03-05
BASGZ,2024-01-19
BASGZ,2024-01-22
BASGZ,2024-02-12
BASGZ,2024-02-15
BASGZ,2024-02-16
BASGZ,2024-12-09
BASGZ,2024-12-11
BASGZ,2025-04-28
BAYRK,2023-12-22
BAYRK,2023-12-27
BAYRK,2024-01-03
BAYRK,2024-04-25
BAYRK,2024-04-26
BEGYO,2024-11-22
BEGYO,2024-12-10
BEGYO,2024-12-11
BEGYO,2025-02-28
BEGYO,2025-03-05
BEGYO,2026-04-01
BEGYO,2026-04-02
BERA,2024-01-17
BERA,2024-01-30
BERA,2024-02-22
BERA,2024-02-26
BERA,2024-02-27
BERA,2024-11-29
BERA,2025-01-14
BERA,2025-12-30
BERA,2026-02-06
BERA,2026-02-09
BESLR,2026-01-15
BESLR,2026-01-16
BESLR,2026-02-12
BESLR,2026-02-17
BEYAZ,2023-11-21
BEYAZ,2023-11-27
BEYAZ,2024-02-06
BEYAZ,2024-04-18
BEYAZ,2026-01-08
BFREN,2023-12-07
BFREN,2024-02-13
BFREN,2024-02-15
BFREN,2024-02-28
BFREN,2025-03-07
BFREN,2025-03-11
BFREN,2025-03-17
BFREN,2025-11-18
BFREN,2026-01-15
BIENY,2024-01-26
BIENY,2024-02-15
BIENY,2025-01-09
BIENY,2025-03-17
BIENY,2025-04-11
BIENY,2026-02-13
BIGCH,2024-01-12
BIGCH,2024-01-18
BIGCH,2024-01-19
BIGCH,2024-01-31
BIGCH,2024-02-01
BIGCH,2024-03-08
BIGCH,2024-04-15
BIGCH,2024-04-16
BIGCH,2025-02-11
BIGCH,2026-01-28
BIGEN,2025-04-14
BIGEN,2026-02-10
BIGEN,2026-03-27
BIGTK,2025-12-25
BIGTK,2026-03-25
BIGTK,2026-03-27
BIMAS,2024-01-12
BIMAS,2024-04-05
BIMAS,2025-01-29
BIMAS,2026-01-06
BIMAS,2026-01-29
BINBN,2024-12-05
BINBN,2024-12-06
BINBN,2024-12-09
BINBN,2025-01-24
BINBN,2025-02-21
BINBN,2026-02-09
BINHO,2024-01-15
BINHO,2024-01-22
BINHO,2024-01-30
BINHO,2024-12-09
BINHO,2025-04-08
BINHO,2025-04-10
BINHO,2025-04-11
BIOEN,2024-02-12
BIOEN,2025-02-12
BIOEN,2025-02-14
BIOEN,2025-03-14
BIOEN,2026-01-29
BIZIM,2024-01-23
BIZIM,2024-02-16
BIZIM,2025-03-13
BIZIM,2026-01-26
BJKAS,2024-01-30
BJKAS,2024-02-19
BJKAS,2024-02-27
BJKAS,2024-03-01
BJKAS,2024-04-19
BJKAS,2024-12-26
BJKAS,2025-12-18
BLCYT,2023-11-27
BLCYT,2024-01-26
BLCYT,2024-02-12
BLCYT,2024-02-16
BLCYT,2024-03-01
BLCYT,2024-04-18
BLCYT,2024-04-25
BLCYT,2025-01-17
BLCYT,2025-01-21
BLCYT,2025-12-04
BLCYT,2026-01-09
BLCYT,2026-01-12
BLCYT,2026-01-13
BLCYT,2026-02-03
BLCYT,2026-02-04
BLCYT,2026-04-02
BLCYT,2026-04-03
BLUME,2024-01-03
BLUME,2024-04-19
BLUME,2024-04-22
BLUME,2024-04-29
BLUME,2025-01-02
BLUME,2025-03-07
BLUME,2025-03-10
BLUME,2025-04-11
BMSCH,2024-01-17
BMSCH,2024-02-29
BMSCH,2024-03-01
BMSCH,2024-11-22
BMSCH,2024-11-27
BMSCH,2024-12-03
BMSCH,2025-02-26
BMSCH,2025-02-27
BMSCH,2025-04-02
BMSCH,2025-12-01
BMSCH,2025-12-31
BMSCH,2026-01-02
BMSTL,2023-12-12
BMSTL,2024-02-02
BMSTL,2024-11-22
BMSTL,2024-12-26
BMSTL,2025-02-25
BMSTL,2025-11-21
BMSTL,2026-01-27
BNTAS,2023-11-27
BNTAS,2024-01-19
BNTAS,2024-01-26
BNTAS,2024-02-05
BNTAS,2024-02-07
BNTAS,2024-02-08
BNTAS,2024-11-15
BNTAS,2024-11-29
BNTAS,2024-12-03
BNTAS,2026-01-14
BNTAS,2026-01-28
BOBET,2024-01-25
BOBET,2025-04-18
BOBET,2025-12-17
BOBET,2026-01-26
BOBET,2026-02-16
BORLS,2024-04-19
BORLS,2024-12-03
BORLS,2025-04-30
BORSK,2025-04-22
BORSK,2025-12-04
BORSK,2025-12-15
BORSK,2026-01-19
BORSK,2026-01-27
BORSK,2026-04-01
BORSK,2026-04-02
BORSK,2026-04-08
BOSSA,2024-04-30
BOSSA,2024-11-22
BOSSA,2024-11-25
BOSSA,2024-12-05
BOSSA,2025-03-04
BOSSA,2025-03-12
BRISA,2024-01-15
BRISA,2024-01-30
BRISA,2024-02-07
BRISA,2024-02-08
BRISA,2024-02-09
BRISA,2024-02-15
BRISA,2024-03-05
BRISA,2025-03-11
BRISA,2025-03-12
BRISA,2026-02-17
BRKO,2023-12-11
BRKO,2024-01-30
BRKO,2024-03-05
BRKO,2024-04-18
BRKO,2024-04-29
BRKO,2024-12-13
BRKO,2024-12-16
BRKO,2025-04-08
BRKO,2025-12-26
BRKO,2026-02-04
BRKO,2026-02-24
BRKSN,2023-11-22
BRKSN,2024-01-11
BRKSN,2024-01-17
BRKSN,2025-01-23
BRKSN,2026-01-20
BRKVY,2024-02-01
BRKVY,2024-02-02
BRKVY,2024-02-05
BRKVY,2024-02-06
BRKVY,2024-12-12
BRKVY,2025-01-21
BRKVY,2025-12-10
BRKVY,2025-12-12
BRLSM,2024-01-05
BRLSM,2024-01-31
BRLSM,2024-02-06
BRLSM,2026-02-16
BRMEN,2024-01-30
BRMEN,2024-02-16
BRMEN,2024-02-19
BRMEN,2024-11-15
BRMEN,2025-03-17
BRMEN,2025-04-02
BRMEN,2025-04-03
BRSAN,2024-02-08
BRSAN,2025-03-14
BRSAN,2025-12-31
BRSAN,2026-01-13
BRYAT,2023-12-08
BRYAT,2024-02-08
BRYAT,2024-02-12
BRYAT,2025-03-14
BRYAT,2025-04-25
BRYAT,2026-01-13
BSOKE,2023-11-28
BSOKE,2023-11-29
BSOKE,2024-02-15
BSOKE,2024-02-19
BSOKE,2024-02-21
BSOKE,2024-11-22
BSOKE,2024-11-29
BSOKE,2025-01-27
BSOKE,2025-02-05
BSOKE,2025-04-07
BSOKE,2025-04-08
BSOKE,2025-04-17
BSOKE,2025-04-30
BSOKE,2025-12-11
BSOKE,2025-12-22
BSOKE,2026-01-13
BSOKE,2026-03-06
BTCIM,2023-11-29
BTCIM,2023-11-30
BTCIM,2024-03-01
BTCIM,2024-03-29
BTCIM,2025-03-18
BTCIM,2025-04-14
BTCIM,2025-04-15
BTCIM,2025-04-17
BTCIM,2025-04-21
BTCIM,2026-01-15
BTCIM,2026-01-16
BUCIM,2024-02-07
BUCIM,2024-02-08
BUCIM,2024-12-02
BUCIM,2024-12-09
BUCIM,2025-03-14
BUCIM,2025-12-08
BUCIM,2025-12-09
BUCIM,2025-12-12
BUCIM,2025-12-15
BUCIM,2025-12-24
BUCIM,2025-12-30
BULGS,2026-02-17
BURCE,2023-12-01
BURCE,2024-01-22
BURCE,2024-01-31
BURCE,2024-04-17
BURCE,2024-04-19
BURCE,2024-04-26
BURVA,2023-11-30
BURVA,2023-12-01
BURVA,2023-12-04
BURVA,2024-01-24
BURVA,2024-01-25
BURVA,2024-03-20
BURVA,2025-03-12
BURVA,2025-03-17
BURVA,2025-12-16
BURVA,2025-12-26
BURVA,2025-12-30
BURVA,2026-03-06
BVSAN,2024-02-02
BVSAN,2024-02-12
BVSAN,2024-04-08
BVSAN,2024-04-15
BVSAN,2025-01-22
BVSAN,2025-01-23
BVSAN,2025-03-11
BVSAN,2026-01-14
BVSAN,2026-01-19
BVSAN,2026-01-21
BYDNR,2023-11-21
BYDNR,2024-12-05
BYDNR,2025-03-18
BYDNR,2025-12-03
BYDNR,2025-12-04
BYDNR,2026-01-07
BYDNR,2026-01-08
BYDNR,2026-02-04
BYDNR,2026-03-25
BYDNR,2026-03-26
CANTE,2024-04-15
CANTE,2025-03-14
CANTE,2025-03-17
CANTE,2025-04-14
CASA,2024-02-07
CASA,2024-12-30
CASA,2025-11-18
CASA,2025-11-21
CASA,2025-11-24
CATES,2026-01-23
CATES,2026-03-09
CATES,2026-03-10
CATES,2026-03-12
CCOLA,2023-12-04
CCOLA,2023-12-29
CCOLA,2024-02-05
CCOLA,2025-03-14
CCOLA,2025-12-15
CCOLA,2026-01-14
CCOLA,2026-01-16
CELHA,2024-01-31
CELHA,2024-02-05
CELHA,2024-02-07
CELHA,2024-02-19
CELHA,2025-03-14
CELHA,2025-11-26
CELHA,2025-11-27
CEMAS,2023-11-24
CEMAS,2023-11-29
CEMAS,2025-03-18
CEMAS,2025-03-28
CEMAS,2025-04-15
CEMAS,2025-04-17
CEMAS,2026-01-30
CEMTS,2024-01-19
CEMTS,2024-01-23
CEMTS,2024-02-16
CEMTS,2024-04-24
CEMTS,2025-02-17
CEMTS,2025-04-02
CEMTS,2025-04-24
CEMTS,2025-12-05
CEMZY,2024-12-03
CEMZY,2024-12-05
CEMZY,2025-03-13
CEMZY,2025-03-17
CEMZY,2026-01-09
CEMZY,2026-03-24
CEOEM,2023-11-30
CEOEM,2023-12-01
CEOEM,2024-02-16
CEOEM,2025-02-07
CEOEM,2025-02-10
CEOEM,2025-02-11
CEOEM,2025-03-17
CEOEM,2026-03-24
CGCAM,2025-04-07
CGCAM,2026-01-23
CGCAM,2026-01-26
CGCAM,2026-01-30
CIMSA,2024-01-12
CIMSA,2024-02-01
CIMSA,2024-12-09
CIMSA,2026-01-23
CIMSA,2026-01-27
CLEBI,2024-02-08
CLEBI,2024-02-09
CLEBI,2024-02-19
CLEBI,2024-02-21
CLEBI,2024-03-21
CLEBI,2024-04-01
CLEBI,2025-02-11
CLEBI,2025-02-18
CLEBI,2025-03-20
CLEBI,2026-01-14
CLEBI,2026-02-16
CMBTN,2023-12-11
CMBTN,2024-02-07
CMBTN,2024-11-26
CMENT,2024-01-30
CMENT,2024-01-31
CMENT,2024-02-09
CMENT,2024-02-16
CMENT,2025-12-31
CMENT,2026-02-04
CMENT,2026-02-16
CONSE,2024-12-06
CONSE,2026-01-26
CONSE,2026-02-09
COSMO,2024-02-05
COSMO,2024-02-21
COSMO,2024-04-30
COSMO,2025-03-10
COSMO,2025-03-19
COSMO,2025-03-20
COSMO,2025-12-05
COSMO,2025-12-18
COSMO,2025-12-19
COSMO,2025-12-30
COSMO,2026-03-31
CRDFA,2023-11-20
CRDFA,2024-01-24
CRDFA,2024-02-14
CRDFA,2024-02-15
CRDFA,2024-02-22
CRDFA,2024-02-23
CRDFA,2024-02-26
CRDFA,2024-04-15
CRDFA,2024-04-16
CRDFA,2024-04-19
CRDFA,2024-11-19
CRDFA,2024-11-20
CRDFA,2024-11-22
CRDFA,2024-11-26
CRDFA,2024-11-27
CRDFA,2025-01-21
CRDFA,2025-01-22
CRDFA,2025-01-23
CRDFA,2025-02-04
CRDFA,2025-04-03
CRDFA,2025-04-04
CRDFA,2025-04-07
CRDFA,2025-11-20
CRDFA,2026-01-23
CRDFA,2026-01-26
CRFSA,2023-11-29
CRFSA,2023-12-04
CRFSA,2023-12-12
CRFSA,2024-02-07
CRFSA,2024-02-27
CRFSA,2024-03-01
CRFSA,2024-03-04
CRFSA,2024-12-10
CRFSA,2024-12-11
CRFSA,2025-12-12
CRFSA,2026-01-19
CRFSA,2026-04-07
CUSAN,2023-12-22
CUSAN,2024-02-14
CUSAN,2024-12-09
CUSAN,2024-12-17
CUSAN,2025-04-08
CUSAN,2026-01-27
CUSAN,2026-01-28
CVKMD,2024-01-03
CVKMD,2024-01-05
CVKMD,2024-03-13
CVKMD,2025-01-07
CVKMD,2025-01-09
CVKMD,2025-01-10
CVKMD,2025-03-13
CVKMD,2025-12-12
CVKMD,2025-12-16
CVKMD,2026-01-23
CVKMD,2026-01-27
CVKMD,2026-01-29
CWENE,2024-11-18
CWENE,2025-11-20
CWENE,2025-12-04
CWENE,2026-04-06
DAGI,2023-11-15
DAGI,2024-02-01
DAGI,2024-12-25
DAGI,2024-12-26
DAGI,2025-02-24
DAGI,2025-12-03
DAPGM,2023-11-15
DAPGM,2023-11-16
DAPGM,2024-02-01
DAPGM,2024-02-19
DAPGM,2024-02-20
DAPGM,2024-11-22
DAPGM,2025-03-07
DAPGM,2026-01-05
DAPGM,2026-02-13
DAPGM,2026-03-17
DARDL,2024-01-22
DARDL,2024-01-23
DARDL,2024-02-08
DARDL,2024-11-28
DARDL,2024-11-29
DARDL,2025-03-14
DARDL,2026-01-26
DCTTR,2024-12-02
DCTTR,2024-12-03
DCTTR,2024-12-06
DCTTR,2024-12-17
DCTTR,2025-01-22
DCTTR,2026-01-14
DCTTR,2026-03-26
DENGE,2024-02-02
DENGE,2024-02-29
DENGE,2024-12-23
DERHL,2024-02-15
DERHL,2024-02-16
DERHL,2024-02-20
DERHL,2024-03-01
DERHL,2024-03-04
DERHL,2024-11-15
DERHL,2025-04-02
DERHL,2026-02-02
DERHL,2026-02-03
DERIM,2023-12-06
DERIM,2024-01-15
DERIM,2024-02-20
DERIM,2024-03-06
DERIM,2024-03-07
DERIM,2024-04-18
DERIM,2024-04-19
DERIM,2024-04-26
DERIM,2024-12-11
DERIM,2024-12-16
DERIM,2025-03-28
DERIM,2025-04-08
DERIM,2025-12-30
DESA,2024-02-01
DESA,2024-02-09
DESA,2024-04-05
DESA,2024-04-08
DESA,2024-04-15
DESA,2024-11-25
DESA,2025-03-14
DESA,2026-02-16
DESPC,2023-11-21
DESPC,2023-11-27
DESPC,2024-01-04
DESPC,2024-01-05
DESPC,2024-02-06
DESPC,2024-02-12
DESPC,2024-02-14
DESPC,2026-01-15
DEVA,2024-02-08
DEVA,2024-02-16
DEVA,2024-12-05
DEVA,2024-12-09
DEVA,2025-12-24
DEVA,2026-01-22
DEVA,2026-02-05
DGATE,2023-11-27
DGATE,2024-01-15
DGATE,2024-02-08
DGATE,2024-02-12
DGATE,2024-02-14
DGATE,2024-02-27
DGATE,2024-12-30
DGATE,2025-01-20
DGATE,2025-04-25
DGATE,2025-04-28
DGATE,2025-12-31
DGATE,2026-01-15
DGATE,2026-01-22
DGATE,2026-01-27
DGATE,2026-03-17
DGGYO,2024-02-13
DGGYO,2024-03-11
DGGYO,2024-12-05
DGGYO,2025-12-09
DGGYO,2026-01-20
DGNMO,2024-01-24
DGNMO,2024-02-05
DGNMO,2024-04-29
DGNMO,2024-12-30
DIRIT,2023-12-04
DIRIT,2023-12-15
DIRIT,2024-04-29
DIRIT,2025-03-12
DIRIT,2025-12-12
DIRIT,2026-02-11
DIRIT,2026-03-30
DITAS,2024-02-15
DITAS,2024-03-27
DITAS,2024-12-11
DITAS,2025-01-23
DMRGD,2024-01-31
DMRGD,2024-04-16
DMRGD,2024-04-19
DMRGD,2024-11-28
DMRGD,2025-02-28
DMRGD,2025-04-11
DMRGD,2025-12-11
DMRGD,2025-12-16
DMRGD,2025-12-17
DMSAS,2023-11-20
DMSAS,2024-01-25
DMSAS,2024-01-30
DMSAS,2024-04-15
DMSAS,2024-12-23
DMSAS,2025-04-25
DMSAS,2025-12-03
DMSAS,2025-12-23
DMSAS,2025-12-26
DNISI,2023-11-15
DNISI,2023-11-17
DNISI,2024-01-17
DNISI,2024-02-08
DNISI,2024-02-13
DNISI,2024-04-16
DNISI,2025-03-14
DNISI,2025-03-17
DNISI,2026-01-23
DNISI,2026-01-26
DNISI,2026-01-27
DNISI,2026-02-10
DOAS,2024-03-14
DOAS,2024-12-02
DOAS,2025-03-05
DOAS,2025-03-06
DOAS,2026-01-09
DOAS,2026-02-09
DOCO,2024-02-15
DOCO,2024-02-16
DOCO,2025-01-24
DOCO,2025-02-12
DOCO,2026-02-12
DOCO,2026-02-13
DOCO,2026-02-23
DOFER,2024-01-15
DOFER,2024-02-01
DOFER,2026-03-16
DOFRB,2026-01-05
DOFRB,2026-01-20
DOFRB,2026-03-26
DOGUB,2023-11-17
DOGUB,2023-11-20
DOGUB,2024-01-11
DOGUB,2024-01-12
DOGUB,2024-03-12
DOGUB,2026-03-05
DOGUB,2026-03-27
DOHOL,2024-04-25
DOHOL,2025-03-06
DOHOL,2026-02-12
DOKTA,2024-02-06
DOKTA,2024-03-07
DOKTA,2024-12-19
DOKTA,2025-03-18
DOKTA,2025-04-21
DOKTA,2025-12-22
DOKTA,2025-12-29
DOKTA,2026-01-28
DURDO,2023-11-20
DURDO,2023-11-22
DURDO,2024-01-31
DURDO,2024-12-04
DURDO,2026-01-23
DURKN,2024-11-29
DURKN,2024-12-10
DURKN,2025-03-14
DURKN,2025-04-18
DURKN,2025-12-16
DURKN,2026-02-10
DURKN,2026-02-13
DYOBY,2023-11-27
DYOBY,2024-04-04
DYOBY,2024-04-24
DYOBY,2024-12-03
DYOBY,2025-01-10
DYOBY,2025-01-13
DYOBY,2025-01-16
DYOBY,2025-03-10
DYOBY,2026-02-10
DZGYO,2024-01-26
DZGYO,2024-01-31
DZGYO,2024-12-16
DZGYO,2024-12-17
DZGYO,2025-12-08
DZGYO,2025-12-09
DZGYO,2026-02-11
EBEBK,2023-12-22
EBEBK,2026-01-13
EBEBK,2026-01-16
EBEBK,2026-02-17
EBEBK,2026-04-08
ECILC,2024-02-02
ECILC,2024-02-14
ECILC,2024-11-18
ECILC,2026-01-08
ECILC,2026-01-12
ECILC,2026-01-22
ECOGR,2026-01-05
ECOGR,2026-02-02
ECOGR,2026-03-13
ECOGR,2026-03-17
ECOGR,2026-03-18
ECOGR,2026-03-23
ECZYT,2023-11-24
ECZYT,2024-01-25
ECZYT,2024-01-26
ECZYT,2024-02-08
ECZYT,2024-11-18
ECZYT,2024-11-21
ECZYT,2025-03-06
ECZYT,2025-03-13
ECZYT,2026-01-22
ECZYT,2026-04-01
EDATA,2023-11-21
EDATA,2023-11-27
EDATA,2024-02-01
EDATA,2024-02-06
EDATA,2024-02-12
EDATA,2024-02-21
EDATA,2025-12-29
EDATA,2026-01-06
EDATA,2026-01-08
EDATA,2026-01-09
EDATA,2026-03-05
EDIP,2023-12-11
EDIP,2023-12-12
EDIP,2023-12-13
EDIP,2025-03-06
EDIP,2025-04-28
EDIP,2025-04-29
EDIP,2026-01-26
EDIP,2026-02-16
EFOR,2024-11-26
EFOR,2024-12-02
EFOR,2024-12-05
EFOR,2025-02-10
EFOR,2025-02-20
EFOR,2025-03-11
EFOR,2025-12-03
EFOR,2025-12-04
EFOR,2025-12-05
EGEEN,2023-11-30
EGEEN,2023-12-01
EGEEN,2023-12-07
EGEEN,2024-01-30
EGEEN,2024-02-02
EGEEN,2024-02-28
EGEEN,2024-02-29
EGEEN,2024-04-08
EGEEN,2024-04-30
EGEEN,2025-12-31
EGEGY,2025-04-08
EGEGY,2025-12-26
EGEGY,2026-01-28
EGEPO,2023-12-04
EGEPO,2024-02-07
EGEPO,2024-11-18
EGEPO,2024-12-09
EGEPO,2025-04-02
EGEPO,2025-12-29
EGEPO,2026-01-08
EGEPO,2026-02-10
EGGUB,2024-01-17
EGGUB,2024-02-08
EGGUB,2024-12-26
EGGUB,2025-01-08
EGGUB,2025-01-21
EGGUB,2026-02-04
EGGUB,2026-03-16
EGPRO,2024-01-31
EGPRO,2024-02-27
EGPRO,2024-02-28
EGPRO,2024-12-09
EGPRO,2025-03-05
EGPRO,2026-01-13
EGSER,2024-01-26
EGSER,2024-11-20
EGSER,2024-11-21
EGSER,2024-11-22
EGSER,2026-02-05
EKGYO,2024-01-09
EKGYO,2024-01-22
EKGYO,2024-01-26
EKGYO,2024-11-19
EKGYO,2024-12-03
EKGYO,2025-01-28
EKGYO,2026-01-16
EKIZ,2024-02-26
EKIZ,2025-03-03
EKIZ,2025-03-06
EKIZ,2025-12-03
EKIZ,2025-12-15
EKIZ,2025-12-19
EKOS,2024-01-15
EKOS,2024-01-25
EKOS,2024-12-17
EKOS,2025-04-16
EKOS,2025-04-17
EKOS,2025-12-18
EKOS,2026-02-17
EKSUN,2024-01-23
EKSUN,2024-12-06
EKSUN,2025-01-03
EKSUN,2025-01-06
EKSUN,2025-02-14
ELITE,2024-12-06
ELITE,2024-12-09
ELITE,2024-12-10
ELITE,2024-12-11
ELITE,2025-02-11
ELITE,2025-03-11
ELITE,2026-01-30
EMKEL,2024-01-22
EMKEL,2024-12-30
EMKEL,2025-03-05
EMKEL,2025-03-06
EMKEL,2025-03-12
EMKEL,2026-03-19
EMKEL,2026-03-23
EMKEL,2026-03-25
EMNIS,2024-02-19
EMNIS,2024-02-20
EMNIS,2024-02-21
EMNIS,2025-01-31
EMNIS,2025-02-07
EMNIS,2025-02-21
EMNIS,2025-03-07
ENDAE,2025-04-15
ENDAE,2026-04-03
ENERY,2024-02-02
ENERY,2024-03-22
ENERY,2024-12-12
ENERY,2025-03-10
ENERY,2025-04-15
ENERY,2025-04-17
ENERY,2025-11-20
ENERY,2026-01-26
ENJSA,2024-01-29
ENJSA,2024-02-12
ENJSA,2025-03-05
ENJSA,2025-12-12
ENKAI,2023-11-22
ENKAI,2023-11-28
ENKAI,2024-01-31
ENKAI,2024-04-26
ENKAI,2025-03-18
ENKAI,2026-01-16
ENKAI,2026-01-28
ENKAI,2026-01-30
ENSRI,2023-12-20
ENSRI,2023-12-21
ENSRI,2024-01-22
ENSRI,2024-03-14
ENSRI,2024-12-09
ENSRI,2025-03-13
ENSRI,2025-04-10
ENSRI,2026-01-27
ENSRI,2026-02-02
ENTRA,2025-01-07
ENTRA,2025-02-26
ENTRA,2025-03-03
ENTRA,2025-03-04
ENTRA,2025-03-05
ENTRA,2025-03-06
ENTRA,2026-01-19
ENTRA,2026-02-09
ENTRA,2026-02-16
EPLAS,2023-11-28
EPLAS,2024-02-05
EPLAS,2024-04-26
EPLAS,2024-11-22
EPLAS,2024-11-27
EPLAS,2025-01-06
EPLAS,2026-01-14
EPLAS,2026-01-19
ERBOS,2024-02-15
ERBOS,2024-03-13
ERBOS,2026-01-09
ERBOS,2026-01-15
ERBOS,2026-01-26
ERCB,2024-01-29
ERCB,2024-02-28
ERCB,2025-03-13
ERCB,2025-11-19
ERCB,2025-11-20
ERCB,2026-04-02
EREGL,2023-12-19
EREGL,2024-01-10
EREGL,2025-03-06
EREGL,2026-01-16
EREGL,2026-02-23
EREGL,2026-04-06
ERSU,2023-12-05
ERSU,2023-12-22
ERSU,2023-12-25
ERSU,2023-12-26
ERSU,2023-12-29
ERSU,2024-01-02
ERSU,2024-01-18
ERSU,2024-01-19
ERSU,2024-03-26
ERSU,2024-03-27
ERSU,2025-04-07
ERSU,2025-04-08
ESCAR,2024-02-06
ESCAR,2024-02-26
ESCAR,2024-02-29
ESCAR,2024-03-01
ESCAR,2024-03-04
ESCAR,2024-12-06
ESCAR,2025-02-04
ESCAR,2025-03-06
ESCAR,2025-03-13
ESCAR,2025-03-17
ESCAR,2025-12-11
ESCAR,2025-12-18
ESCAR,2026-03-26
ESCOM,2024-01-25
ESCOM,2024-01-26
ESCOM,2024-01-29
ESCOM,2024-02-06
ESCOM,2024-02-12
ESCOM,2024-02-26
ESCOM,2024-04-29
ESCOM,2025-12-24
ESCOM,2025-12-29
ESCOM,2025-12-30
ESCOM,2026-02-23
ESCOM,2026-02-24
ESCOM,2026-03-02
ESCOM,2026-03-03
ESCOM,2026-03-04
ESEN,2023-11-23
ESEN,2024-02-07
ESEN,2024-02-27
ESEN,2024-04-22
ESEN,2024-12-11
ESEN,2025-01-02
ESEN,2025-02-18
ESEN,2025-02-21
ESEN,2025-02-24
ESEN,2025-02-26
ESEN,2025-02-27
ETILR,2023-12-05
ETILR,2024-02-23
ETILR,2024-04-15
ETILR,2024-04-26
ETILR,2024-11-19
ETILR,2024-11-26
ETILR,2024-11-27
ETILR,2025-03-11
ETILR,2025-03-19
ETILR,2025-04-04
ETILR,2025-04-07
ETILR,2025-12-11
ETYAT,2024-01-08
ETYAT,2024-02-09
ETYAT,2024-12-23
ETYAT,2025-03-11
ETYAT,2026-01-12
ETYAT,2026-01-13
EUHOL,2023-11-29
EUHOL,2023-11-30
EUHOL,2024-01-23
EUHOL,2024-02-02
EUHOL,2024-02-05
EUHOL,2024-02-06
EUHOL,2024-02-08
EUHOL,2025-02-24
EUHOL,2025-03-11
EUHOL,2025-03-24
EUHOL,2026-01-12
EUHOL,2026-01-28
EUHOL,2026-01-29
EUKYO,2024-01-18
EUKYO,2024-01-19
EUKYO,2024-01-22
EUKYO,2024-02-16
EUKYO,2024-02-21
EUKYO,2024-11-21
EUKYO,2024-12-05
EUKYO,2025-12-18
EUKYO,2026-02-13
EUKYO,2026-04-02
EUPWR,2024-02-07
EUPWR,2025-01-28
EUPWR,2025-03-07
EUPWR,2025-11-20
EUPWR,2025-12-26
EUPWR,2026-01-12
EUPWR,2026-01-19
EUPWR,2026-03-30
EUREN,2024-01-29
EUREN,2024-01-30
EUREN,2024-03-01
EUREN,2024-03-04
EUREN,2025-03-07
EUREN,2025-03-10
EUREN,2025-04-14
EUREN,2025-12-22
EUREN,2026-01-06
EUREN,2026-02-16
EUYO,2023-11-21
EUYO,2024-01-29
EUYO,2024-01-30
EUYO,2024-12-17
EUYO,2024-12-19
EUYO,2024-12-23
EUYO,2025-03-18
EUYO,2025-03-19
EUYO,2025-12-17
EUYO,2025-12-26
EUYO,2026-01-22
EUYO,2026-01-23
EUYO,2026-02-03
EYGYO,2023-11-28
EYGYO,2023-12-01
EYGYO,2024-01-16
EYGYO,2024-02-15
EYGYO,2024-03-08
EYGYO,2025-02-20
EYGYO,2025-02-21
EYGYO,2025-11-20
EYGYO,2026-03-09
FADE,2024-01-18
FADE,2024-01-22
FADE,2024-02-08
FADE,2024-12-17
FADE,2026-01-22
FADE,2026-01-23
FADE,2026-03-31
FADE,2026-04-02
FENER,2024-01-18
FENER,2024-04-15
FENER,2024-11-18
FENER,2025-03-05
FLAP,2023-11-21
FLAP,2023-11-24
FLAP,2023-11-27
FLAP,2024-02-14
FLAP,2024-02-16
FLAP,2024-02-22
FLAP,2025-01-02
FLAP,2025-01-03
FLAP,2025-01-06
FLAP,2025-01-07
FLAP,2025-12-12
FLAP,2026-01-23
FLAP,2026-02-02
FLAP,2026-02-10
FLAP,2026-02-12
FLAP,2026-02-13
FMIZP,2023-12-11
FMIZP,2024-12-18
FMIZP,2025-03-07
FMIZP,2025-03-18
FMIZP,2025-04-25
FONET,2023-11-20
FONET,2023-11-23
FONET,2023-11-24
FONET,2023-11-27
FONET,2024-01-26
FONET,2024-02-06
FONET,2025-04-09
FONET,2026-01-02
FONET,2026-02-03
FONET,2026-03-05
FORMT,2024-11-15
FORMT,2025-04-07
FORTE,2023-12-22
FORTE,2024-12-04
FORTE,2025-02-26
FORTE,2026-01-07
FORTE,2026-01-08
FORTE,2026-03-19
FRIGO,2024-01-18
FRIGO,2025-01-24
FRIGO,2025-03-07
FRIGO,2025-03-18
FRIGO,2025-11-20
FRIGO,2026-03-31
FROTO,2026-01-13
FROTO,2026-01-15
FZLGY,2023-11-22
FZLGY,2026-01-05
FZLGY,2026-01-06
FZLGY,2026-03-19
GARAN,2023-11-27
GARAN,2024-11-22
GARFA,2024-01-04
GARFA,2024-01-05
GARFA,2024-01-17
GARFA,2025-01-06
GARFA,2025-12-22
GARFA,2026-01-13
GEDIK,2024-02-06
GEDIK,2024-02-08
GEDIK,2024-12-03
GEDIK,2025-04-14
GEDZA,2023-11-21
GEDZA,2024-01-29
GEDZA,2024-02-09
GEDZA,2024-02-12
GEDZA,2024-02-22
GEDZA,2024-02-23
GEDZA,2024-12-09
GEDZA,2024-12-11
GEDZA,2024-12-25
GEDZA,2025-01-06
GEDZA,2025-01-27
GEDZA,2025-02-04
GEDZA,2025-12-24
GEDZA,2026-02-10
GENIL,2024-01-24
GENIL,2024-02-08
GENIL,2024-02-16
GENIL,2024-12-31
GENIL,2025-02-19
GENIL,2025-02-20
GENIL,2025-04-07
GENIL,2025-04-08
GENIL,2026-03-10
GENTS,2024-01-31
GENTS,2024-11-22
GENTS,2024-12-30
GENTS,2025-01-02
GENTS,2025-02-13
GENTS,2025-02-17
GENTS,2025-03-10
GENTS,2025-03-26
GENTS,2025-03-28
GENTS,2025-04-29
GENTS,2026-01-16
GENTS,2026-01-19
GEREL,2024-03-12
GEREL,2024-12-30
GEREL,2025-11-18
GEREL,2025-11-28
GEREL,2026-04-06
GESAN,2024-02-07
GESAN,2025-01-27
GESAN,2025-03-18
GESAN,2025-12-26
GESAN,2026-01-12
GESAN,2026-04-02
GIPTA,2024-01-12
GIPTA,2024-01-30
GIPTA,2024-01-31
GIPTA,2024-02-06
GIPTA,2024-02-26
GIPTA,2024-11-27
GIPTA,2024-12-20
GIPTA,2025-02-12
GIPTA,2025-03-28
GLBMD,2024-02-12
GLBMD,2024-11-18
GLBMD,2024-12-05
GLBMD,2024-12-06
GLBMD,2024-12-09
GLBMD,2025-03-10
GLBMD,2025-04-14
GLBMD,2026-02-10
GLBMD,2026-02-11
GLCVY,2023-11-21
GLCVY,2023-11-23
GLCVY,2024-01-17
GLCVY,2024-02-20
GLCVY,2024-04-22
GLCVY,2025-01-20
GLCVY,2025-04-08
GLRMK,2025-03-13
GLRMK,2025-03-14
GLRMK,2026-01-22
GLRYH,2024-02-06
GLRYH,2024-02-16
GLRYH,2025-03-11
GLRYH,2025-03-17
GLRYH,2026-02-04
GLRYH,2026-02-17
GLYHO,2024-02-06
GLYHO,2024-02-07
GLYHO,2024-04-22
GLYHO,2025-03-03
GLYHO,2025-03-06
GLYHO,2025-03-07
GLYHO,2025-03-10
GLYHO,2026-01-20
GLYHO,2026-01-22
GLYHO,2026-01-23
GMTAS,2024-02-14
GMTAS,2025-01-03
GMTAS,2025-02-28
GMTAS,2025-03-10
GMTAS,2026-01-08
GMTAS,2026-03-10
GOKNR,2024-12-02
GOKNR,2025-04-25
GOKNR,2026-01-30
GOLTS,2023-11-20
GOLTS,2024-02-21
GOLTS,2024-03-13
GOLTS,2024-03-22
GOLTS,2024-04-15
GOLTS,2024-12-09
GOLTS,2025-03-12
GOLTS,2025-03-13
GOLTS,2025-03-14
GOLTS,2025-03-17
GOLTS,2026-01-13
GOLTS,2026-01-14
GOLTS,2026-01-28
GOODY,2024-02-22
GOODY,2024-03-20
GOODY,2024-12-25
GOODY,2024-12-27
GOODY,2025-03-17
GOZDE,2024-01-24
GOZDE,2024-02-08
GOZDE,2024-11-26
GOZDE,2025-12-24
GOZDE,2026-01-15
GOZDE,2026-01-21
GOZDE,2026-01-22
GRNYO,2023-11-20
GRNYO,2024-01-22
GRNYO,2024-01-26
GRNYO,2024-01-29
GRNYO,2024-02-12
GRNYO,2024-02-16
GRNYO,2025-01-10
GRNYO,2025-04-16
GRNYO,2025-12-10
GRNYO,2025-12-11
GRNYO,2025-12-12
GRNYO,2026-01-15
GRNYO,2026-01-16
GRNYO,2026-01-20
GRSEL,2024-01-29
GRSEL,2024-01-30
GRSEL,2024-02-13
GRSEL,2024-04-29
GRSEL,2024-12-10
GRSEL,2025-02-06
GRSEL,2025-02-07
GRSEL,2025-02-13
GRSEL,2025-04-28
GRSEL,2026-01-09
GRSEL,2026-01-15
GRSEL,2026-01-16
GRSEL,2026-01-19
GRTHO,2023-12-14
GRTHO,2024-01-18
GRTHO,2024-02-23
GRTHO,2024-11-26
GRTHO,2024-11-29
GRTHO,2025-01-23
GRTHO,2025-02-14
GRTHO,2025-02-19
GSDDE,2023-11-24
GSDDE,2023-11-27
GSDDE,2024-01-22
GSDDE,2024-02-14
GSDDE,2024-04-08
GSDDE,2024-12-09
GSDDE,2024-12-10
GSDDE,2025-12-11
GSDHO,2024-01-18
GSDHO,2024-01-19
GSDHO,2024-02-22
GSDHO,2024-04-08
GSDHO,2024-04-26
GSDHO,2025-03-11
GSDHO,2025-03-13
GSDHO,2025-03-17
GSDHO,2025-04-07
GSDHO,2026-01-30
GSRAY,2024-01-23
GSRAY,2024-04-19
GSRAY,2025-04-21
GSRAY,2026-02-20
GUBRF,2023-12-01
GUBRF,2024-02-08
GUBRF,2024-11-29
GUBRF,2026-01-20
GUNDG,2024-11-29
GUNDG,2024-12-03
GUNDG,2025-01-09
GUNDG,2025-04-04
GUNDG,2025-11-21
GUNDG,2025-11-25
GUNDG,2026-02-17
GUNDG,2026-02-20
GUNDG,2026-03-16
GUNDG,2026-03-26
GWIND,2024-04-19
GWIND,2024-12-12
GWIND,2024-12-31
GWIND,2025-12-18
GWIND,2026-01-12
GWIND,2026-03-30
GZNMI,2024-01-10
GZNMI,2024-01-12
GZNMI,2024-01-24
GZNMI,2024-02-15
GZNMI,2024-11-26
GZNMI,2025-01-20
GZNMI,2025-03-06
GZNMI,2025-03-10
GZNMI,2025-03-20
GZNMI,2025-04-10
GZNMI,2025-04-11
GZNMI,2025-04-25
HALKB,2024-02-09
HALKB,2024-02-22
HALKB,2024-04-05
HALKB,2024-04-08
HALKB,2025-01-21
HALKB,2025-11-25
HALKB,2025-12-02
HALKB,2026-01-06
HATEK,2023-11-21
HATEK,2023-11-29
HATEK,2024-01-15
HATEK,2024-02-14
HATEK,2024-02-15
HATEK,2025-03-10
HATEK,2025-03-11
HATEK,2025-03-12
HATEK,2025-11-21
HATEK,2026-02-16
HATSN,2024-01-26
HATSN,2026-01-15
HDFGS,2024-02-06
HDFGS,2024-02-07
HDFGS,2024-11-29
HDFGS,2024-12-03
HDFGS,2025-01-17
HDFGS,2025-02-07
HDFGS,2025-02-10
HDFGS,2025-02-11
HDFGS,2026-01-07
HEDEF,2023-11-20
HEDEF,2023-11-21
HEDEF,2024-01-05
HEDEF,2024-12-06
HEDEF,2025-01-02
HEDEF,2025-01-13
HEDEF,2025-02-17
HEDEF,2026-01-12
HEDEF,2026-02-10
HEKTS,2023-12-04
HEKTS,2024-11-22
HKTM,2024-01-25
HKTM,2024-02-14
HKTM,2024-02-15
HKTM,2024-02-23
HKTM,2024-04-24
HKTM,2025-01-14
HKTM,2025-01-17
HKTM,2026-01-23
HKTM,2026-02-05
HLGYO,2024-02-01
HLGYO,2024-04-25
HLGYO,2024-04-26
HLGYO,2025-01-27
HLGYO,2025-03-13
HLGYO,2026-01-09
HLGYO,2026-01-15
HLGYO,2026-02-13
HLGYO,2026-03-09
HLGYO,2026-03-10
HOROZ,2024-12-02
HOROZ,2025-12-11
HOROZ,2025-12-12
HRKET,2025-03-11
HRKET,2026-01-02
HRKET,2026-01-26
HRKET,2026-01-27
HRKET,2026-02-09
HTTBT,2024-12-18
HTTBT,2024-12-30
HTTBT,2024-12-31
HTTBT,2026-01-13
HTTBT,2026-01-19
HUBVC,2023-12-06
HUBVC,2024-01-26
HUBVC,2024-02-01
HUBVC,2024-02-02
HUBVC,2024-11-22
HUBVC,2026-02-03
HUBVC,2026-02-09
HUNER,2024-01-26
HUNER,2024-02-07
HUNER,2024-12-06
HUNER,2025-03-07
HURGZ,2024-01-26
HURGZ,2024-12-03
HURGZ,2025-03-07
HURGZ,2025-04-24
HURGZ,2025-04-25
HURGZ,2026-01-30
HURGZ,2026-03-11
HURGZ,2026-03-13
ICBCT,2023-12-05
ICBCT,2024-02-05
ICBCT,2024-12-02
ICBCT,2024-12-09
ICBCT,2025-03-11
ICBCT,2026-01-06
ICBCT,2026-02-12
ICUGS,2023-12-04
ICUGS,2023-12-05
ICUGS,2023-12-06
ICUGS,2023-12-07
ICUGS,2024-01-10
ICUGS,2024-01-31
ICUGS,2024-02-05
ICUGS,2024-11-22
ICUGS,2024-11-25
ICUGS,2025-01-06
ICUGS,2025-01-08
ICUGS,2025-02-11
ICUGS,2026-02-13
ICUGS,2026-03-31
ICUGS,2026-04-01
IDGYO,2023-12-22
IDGYO,2024-01-31
IDGYO,2024-02-12
IDGYO,2024-04-18
IDGYO,2025-04-29
IDGYO,2025-12-19
IDGYO,2025-12-23
IDGYO,2025-12-25
IDGYO,2026-03-31
IDGYO,2026-04-03
IEYHO,2024-01-12
IEYHO,2024-11-22
IEYHO,2024-11-25
IEYHO,2025-04-11
IEYHO,2025-04-14
IEYHO,2025-04-15
IHAAS,2024-03-07
IHAAS,2024-12-02
IHAAS,2025-01-29
IHAAS,2026-01-20
IHAAS,2026-01-21
IHAAS,2026-03-23
IHEVA,2024-11-19
IHEVA,2024-11-28
IHEVA,2025-02-11
IHGZT,2023-11-28
IHGZT,2024-02-07
IHGZT,2024-04-19
IHGZT,2024-11-19
IHGZT,2024-11-29
IHGZT,2025-02-27
IHLAS,2024-02-07
IHLAS,2024-04-19
IHLAS,2024-04-25
IHLAS,2024-11-21
IHLAS,2025-01-09
IHLAS,2025-02-25
IHLAS,2025-04-18
IHLGM,2023-11-16
IHLGM,2024-11-27
IHLGM,2024-11-28
IHLGM,2024-11-29
IHLGM,2025-04-18
IHYAY,2024-01-19
IHYAY,2024-04-19
IMASM,2023-11-27
IMASM,2024-04-26
INDES,2024-02-06
INDES,2024-02-21
INDES,2024-02-22
INDES,2024-02-23
INDES,2025-01-06
INDES,2025-02-28
INDES,2025-12-30
INDES,2026-02-17
INFO,2024-11-26
INGRM,2023-11-30
INGRM,2024-01-26
INGRM,2024-02-08
INGRM,2024-02-19
INGRM,2024-04-18
INGRM,2025-03-07
INGRM,2026-01-19
INTEK,2025-03-13
INTEK,2025-03-14
INTEK,2025-12-17
INTEK,2026-02-17
INTEM,2024-02-20
INTEM,2024-02-26
INTEM,2026-01-15
INTEM,2026-01-23
INVEO,2024-12-03
INVEO,2025-01-06
INVEO,2026-01-26
INVES,2026-01-09
INVES,2026-03-03
INVES,2026-03-04
INVES,2026-03-05
INVES,2026-03-06
INVES,2026-03-12
INVES,2026-03-13
ISBIR,2025-01-06
ISCTR,2023-11-27
ISCTR,2024-02-14
ISCTR,2024-04-04
ISCTR,2024-11-21
ISCTR,2024-11-22
ISCTR,2025-01-09
ISDMR,2024-01-29
ISDMR,2024-02-09
ISDMR,2024-04-29
ISDMR,2024-11-29
ISDMR,2026-01-06
ISDMR,2026-01-22
ISDMR,2026-01-26
ISDMR,2026-01-28
ISDMR,2026-02-09
ISFIN,2023-11-21
ISFIN,2023-11-22
ISFIN,2024-04-15
ISFIN,2024-04-16
ISFIN,2024-12-05
ISFIN,2025-03-07
ISFIN,2026-01-29
ISGSY,2024-02-14
ISGSY,2024-02-23
ISGSY,2024-04-02
ISGSY,2024-12-18
ISGSY,2026-02-04
ISGSY,2026-02-17
ISGYO,2024-11-15
ISKPL,2024-04-19
ISKPL,2024-11-22
ISKPL,2025-02-14
ISKPL,2025-11-24
ISKPL,2025-12-05
ISKPL,2025-12-08
ISKPL,2025-12-09
ISKPL,2025-12-10
ISKPL,2026-02-20
ISKPL,2026-03-24
ISKPL,2026-03-30
ISKPL,2026-03-31
ISMEN,2024-01-08
ISMEN,2024-01-26
ISMEN,2024-02-12
ISMEN,2024-12-09
ISMEN,2024-12-31
ISMEN,2025-03-05
ISMEN,2026-01-23
ISSEN,2024-01-17
ISSEN,2024-12-06
ISSEN,2024-12-09
ISSEN,2026-03-24
ISYAT,2023-12-20
ISYAT,2024-02-12
ISYAT,2025-04-08
ISYAT,2026-01-28
IZENR,2024-01-17
IZENR,2025-02-10
IZENR,2025-03-10
IZENR,2025-04-25
IZFAS,2023-11-21
IZFAS,2023-11-30
IZFAS,2023-12-01
IZFAS,2023-12-07
IZFAS,2023-12-08
IZFAS,2023-12-12
IZFAS,2024-01-19
IZFAS,2024-04-22
IZFAS,2025-01-08
IZFAS,2026-01-19
IZFAS,2026-03-19
IZINV,2023-11-15
IZINV,2023-11-16
IZINV,2023-11-27
IZINV,2024-03-08
IZINV,2025-03-07
IZINV,2025-04-14
IZINV,2026-03-24
IZINV,2026-03-26
IZINV,2026-03-30
IZMDC,2024-01-12
IZMDC,2024-12-09
IZMDC,2025-03-13
IZMDC,2025-04-24
IZMDC,2026-02-02
IZMDC,2026-02-12
JANTS,2024-02-09
JANTS,2024-03-21
JANTS,2024-12-16
KAPLM,2024-01-16
KAPLM,2024-02-16
KAPLM,2026-01-23
KAPLM,2026-03-25
KAPLM,2026-04-03
KAREL,2024-01-11
KAREL,2024-02-06
KAREL,2025-03-14
KAREL,2026-01-28
KAREL,2026-02-11
KARSN,2024-01-25
KARSN,2024-02-09
KARSN,2024-03-06
KARSN,2024-03-13
KARSN,2024-04-29
KARSN,2025-03-07
KARSN,2025-03-11
KARSN,2026-01-26
KARSN,2026-02-17
KARTN,2023-11-28
KARTN,2024-02-12
KARTN,2024-02-26
KARTN,2024-02-27
KARTN,2024-02-28
KARTN,2024-03-01
KARTN,2024-12-06
KARTN,2025-01-09
KARTN,2026-01-15
KATMR,2024-02-07
KATMR,2024-12-13
KATMR,2025-03-11
KAYSE,2023-11-20
KAYSE,2024-01-26
KAYSE,2024-04-30
KAYSE,2025-02-11
KAYSE,2026-01-05
KAYSE,2026-01-15
KAYSE,2026-02-18
KBORU,2025-12-08
KBORU,2026-02-04
KBORU,2026-02-18
KBORU,2026-04-08
KCAER,2023-11-20
KCAER,2024-01-08
KCAER,2024-01-22
KCAER,2024-01-23
KCAER,2024-02-16
KCAER,2024-04-15
KCAER,2025-03-14
KCAER,2025-03-17
KCAER,2025-03-18
KCAER,2026-01-13
KCAER,2026-01-28
KCHOL,2024-01-11
KCHOL,2024-03-20
KCHOL,2024-03-21
KCHOL,2024-11-22
KCHOL,2025-03-06
KCHOL,2026-01-12
KCHOL,2026-01-29
KCHOL,2026-02-12
KENT,2024-01-29
KENT,2024-03-05
KENT,2024-03-22
KENT,2024-03-25
KENT,2024-11-18
KENT,2024-12-10
KENT,2026-01-19
KENT,2026-01-29
KERVN,2024-01-30
KERVN,2024-02-14
KERVN,2025-01-02
KERVN,2025-12-23
KERVN,2026-02-13
KERVN,2026-03-03
KERVN,2026-03-04
KFEIN,2023-11-21
KFEIN,2023-11-22
KFEIN,2024-01-10
KFEIN,2024-01-19
KFEIN,2025-01-09
KFEIN,2025-01-16
KFEIN,2025-01-28
KFEIN,2026-02-10
KGYO,2026-01-19
KGYO,2026-01-21
KGYO,2026-01-27
KGYO,2026-04-02
KIMMR,2023-11-22
KIMMR,2024-01-24
KIMMR,2024-01-29
KIMMR,2024-01-30
KIMMR,2024-03-05
KIMMR,2024-03-06
KIMMR,2025-02-28
KIMMR,2025-03-03
KIMMR,2026-02-13
KIMMR,2026-03-13
KLGYO,2024-02-06
KLGYO,2024-02-07
KLGYO,2024-11-15
KLGYO,2024-11-19
KLGYO,2025-01-06
KLGYO,2025-01-09
KLGYO,2025-03-14
KLGYO,2026-01-08
KLKIM,2024-01-12
KLKIM,2024-01-15
KLKIM,2024-02-14
KLKIM,2024-02-15
KLKIM,2025-03-07
KLKIM,2025-03-10
KLKIM,2025-03-11
KLKIM,2025-03-17
KLKIM,2026-01-23
KLMSN,2024-01-17
KLMSN,2024-01-26
KLMSN,2024-01-31
KLMSN,2024-02-01
KLMSN,2025-01-06
KLMSN,2025-12-26
KLMSN,2026-02-26
KLNMA,2024-02-07
KLNMA,2024-11-25
KLNMA,2025-02-10
KLNMA,2026-03-04
KLRHO,2023-12-08
KLRHO,2024-01-25
KLRHO,2024-02-06
KLRHO,2024-02-07
KLRHO,2024-02-09
KLRHO,2024-02-26
KLRHO,2024-12-09
KLRHO,2024-12-16
KLRHO,2025-04-11
KLRHO,2025-11-24
KLRHO,2026-01-06
KLRHO,2026-01-29
KLRHO,2026-01-30
KLSER,2024-01-22
KLSER,2024-12-09
KLSER,2025-03-07
KLSER,2026-02-13
KLSYN,2024-02-20
KLSYN,2024-02-21
KLSYN,2024-03-08
KLSYN,2024-04-22
KLSYN,2024-12-02
KLSYN,2025-01-07
KLSYN,2025-12-17
KLSYN,2025-12-22
KLSYN,2025-12-25
KLSYN,2026-01-07
KLSYN,2026-02-12
KLSYN,2026-02-16
KLSYN,2026-03-23
KLYPV,2026-04-01
KMPUR,2024-01-22
KMPUR,2024-11-15
KMPUR,2024-11-25
KMPUR,2025-03-11
KMPUR,2025-03-14
KMPUR,2026-03-16
KNFRT,2024-11-15
KNFRT,2024-12-05
KNFRT,2025-02-20
KNFRT,2025-12-29
KOCMT,2024-12-05
KOCMT,2025-02-27
KOCMT,2025-03-03
KONKA,2023-12-14
KONKA,2023-12-15
KONKA,2024-04-19
KONKA,2024-04-22
KONKA,2026-03-12
KONTR,2024-02-21
KONYA,2023-11-27
KONYA,2023-12-01
KONYA,2024-02-08
KONYA,2024-02-29
KONYA,2024-03-25
KONYA,2024-12-09
KONYA,2025-04-28
KOPOL,2024-01-30
KOPOL,2024-02-20
KOPOL,2025-03-10
KOPOL,2026-02-12
KORDS,2024-02-01
KORDS,2024-02-14
KORDS,2024-03-01
KORDS,2024-04-26
KORDS,2026-01-28
KORDS,2026-02-12
KOTON,2024-12-27
KOTON,2025-01-06
KOTON,2026-01-15
KOTON,2026-01-16
KOTON,2026-01-19
KRDMA,2023-11-30
KRDMA,2024-02-01
KRDMA,2024-11-18
KRDMA,2025-04-29
KRDMA,2026-03-17
KRDMB,2024-01-31
KRDMB,2024-02-01
KRDMB,2024-02-15
KRDMB,2024-11-21
KRDMB,2025-02-07
KRDMB,2026-01-16
KRDMB,2026-01-22
KRDMB,2026-03-05
KRDMB,2026-03-12
KRDMB,2026-03-13
KRDMB,2026-03-16
KRDMB,2026-03-17
KRDMB,2026-04-03
KRDMB,2026-04-06
KRDMD,2024-01-02
KRDMD,2024-02-01
KRDMD,2024-02-15
KRDMD,2025-02-07
KRDMD,2025-03-05
KRDMD,2025-03-06
KRDMD,2025-12-16
KRDMD,2026-01-16
KRDMD,2026-04-06
KRGYO,2023-12-05
KRGYO,2024-01-11
KRGYO,2024-02-05
KRGYO,2024-12-03
KRGYO,2024-12-06
KRGYO,2025-02-19
KRGYO,2025-04-25
KRONT,2023-11-23
KRONT,2023-11-27
KRONT,2024-01-31
KRONT,2024-02-21
KRONT,2024-02-23
KRONT,2026-01-05
KRONT,2026-03-05
KRONT,2026-03-11
KRONT,2026-03-13
KRONT,2026-03-16
KRONT,2026-03-17
KRPLS,2023-11-28
KRPLS,2024-02-06
KRPLS,2024-04-19
KRPLS,2024-04-22
KRPLS,2024-12-16
KRPLS,2024-12-17
KRPLS,2026-01-14
KRPLS,2026-01-16
KRSTL,2024-02-19
KRSTL,2024-02-22
KRSTL,2025-01-02
KRSTL,2025-03-17
KRSTL,2026-01-16
KRSTL,2026-01-22
KRTEK,2023-11-16
KRTEK,2024-01-17
KRTEK,2024-01-19
KRTEK,2024-02-14
KRTEK,2024-04-22
KRTEK,2024-12-12
KRTEK,2024-12-13
KRTEK,2025-04-14
KRTEK,2025-04-18
KRTEK,2026-02-17
KRVGD,2024-02-16
KRVGD,2025-02-07
KRVGD,2025-12-31
KRVGD,2026-01-30
KSTUR,2024-02-01
KSTUR,2024-11-21
KSTUR,2025-02-18
KSTUR,2025-02-19
KSTUR,2025-02-24
KSTUR,2025-02-28
KSTUR,2025-03-03
KSTUR,2025-03-04
KTLEV,2023-12-21
KTLEV,2023-12-22
KTLEV,2024-02-21
KTLEV,2024-04-15
KTLEV,2024-04-25
KTLEV,2024-12-12
KTLEV,2025-02-04
KTLEV,2025-03-07
KTLEV,2025-04-28
KTLEV,2025-12-23
KTLEV,2025-12-31
KTLEV,2026-01-06
KTLEV,2026-01-09
KTLEV,2026-04-01
KTSKR,2024-01-26
KTSKR,2024-02-01
KTSKR,2024-02-16
KTSKR,2024-04-15
KTSKR,2024-04-22
KTSKR,2025-12-05
KTSKR,2025-12-08
KTSKR,2025-12-18
KTSKR,2026-02-09
KTSKR,2026-04-06
KUTPO,2024-01-26
KUTPO,2024-02-12
KUTPO,2025-12-12
KUVVA,2024-02-15
KUVVA,2024-11-22
KUVVA,2024-11-25
KUVVA,2024-11-26
KUVVA,2025-03-07
KUVVA,2025-04-21
KUVVA,2026-03-06
KUVVA,2026-03-12
KUYAS,2023-11-16
KUYAS,2023-11-17
KUYAS,2024-12-12
KUYAS,2024-12-13
KUYAS,2025-01-22
KUYAS,2025-02-17
KUYAS,2025-03-10
KUYAS,2025-03-11
KUYAS,2025-03-12
KUYAS,2025-03-13
KUYAS,2025-03-18
KUYAS,2025-12-12
KUYAS,2026-02-09
KZBGY,2024-01-12
KZBGY,2024-02-05
KZBGY,2025-01-06
KZBGY,2025-04-14
KZBGY,2025-04-15
KZBGY,2026-01-08
KZBGY,2026-01-13
KZGYO,2024-04-22
KZGYO,2026-01-15
KZGYO,2026-01-19
KZGYO,2026-01-27
LIDER,2024-02-16
LIDER,2024-12-16
LIDER,2024-12-17
LIDER,2024-12-24
LIDER,2025-03-12
LIDER,2025-03-13
LIDER,2025-03-14
LIDER,2025-03-18
LIDER,2025-03-28
LIDFA,2023-11-21
LIDFA,2023-11-22
LIDFA,2023-11-23
LIDFA,2026-01-13
LIDFA,2026-01-15
LILAK,2024-11-25
LILAK,2025-01-17
LILAK,2025-04-11
LILAK,2025-12-15
LILAK,2026-01-12
LILAK,2026-01-13
LILAK,2026-03-25
LILAK,2026-03-26
LINK,2024-01-08
LINK,2024-01-09
LINK,2024-01-24
LINK,2024-01-26
LINK,2024-02-05
LINK,2024-02-28
LINK,2024-04-17
LINK,2025-04-03
LINK,2025-04-04
LINK,2026-01-19
LINK,2026-03-17
LKMNH,2024-02-23
LKMNH,2024-03-07
LKMNH,2024-04-08
LKMNH,2025-12-17
LMKDC,2025-01-02
LMKDC,2026-01-13
LMKDC,2026-01-22
LOGO,2024-04-22
LOGO,2024-04-24
LOGO,2026-01-13
LOGO,2026-01-22
LRSHO,2024-02-26
LRSHO,2024-11-25
LRSHO,2024-12-03
LRSHO,2025-04-25
LUKSK,2024-02-06
LYDHO,2024-01-19
LYDHO,2024-01-23
LYDHO,2024-11-25
LYDHO,2024-11-26
LYDHO,2024-12-09
LYDHO,2026-02-23
LYDYE,2024-11-25
LYDYE,2024-11-26
LYDYE,2024-12-13
LYDYE,2025-02-24
LYDYE,2025-04-16
LYDYE,2025-04-17
MAALT,2024-01-17
MAALT,2024-02-20
MAALT,2025-03-12
MAALT,2026-02-04
MAALT,2026-03-17
MACKO,2024-01-29
MACKO,2024-01-30
MACKO,2024-11-27
MACKO,2024-11-29
MACKO,2025-01-07
MACKO,2025-04-10
MACKO,2025-12-08
MACKO,2025-12-09
MACKO,2026-02-18
MACKO,2026-04-03
MAGEN,2024-01-23
MAGEN,2024-02-26
MAGEN,2024-04-16
MAGEN,2024-12-11
MAGEN,2025-01-07
MAGEN,2025-02-14
MAGEN,2025-02-17
MAGEN,2025-03-18
MAGEN,2025-12-08
MAGEN,2025-12-26
MAGEN,2026-01-12
MAGEN,2026-02-24
MAGEN,2026-04-06
MAKIM,2024-01-25
MAKIM,2024-02-22
MAKIM,2024-02-23
MAKTK,2023-11-17
MAKTK,2024-01-17
MAKTK,2024-02-13
MAKTK,2024-11-20
MAKTK,2024-12-02
MAKTK,2024-12-11
MAKTK,2024-12-27
MAKTK,2025-03-06
MAKTK,2025-03-10
MAKTK,2025-03-13
MAKTK,2025-03-14
MAKTK,2025-12-29
MANAS,2023-11-21
MANAS,2024-02-26
MANAS,2024-04-17
MANAS,2025-02-21
MANAS,2025-02-27
MANAS,2025-03-18
MANAS,2025-04-14
MANAS,2026-02-26
MANAS,2026-02-27
MARBL,2024-01-17
MARBL,2024-02-01
MARBL,2024-02-09
MARBL,2025-03-17
MARBL,2026-01-09
MARBL,2026-03-24
MARKA,2024-01-08
MARKA,2024-01-09
MARKA,2024-01-10
MARKA,2024-01-11
MARKA,2024-01-17
MARKA,2024-01-22
MARKA,2024-03-01
MARKA,2024-03-04
MARKA,2024-03-05
MARKA,2025-01-30
MARKA,2025-03-18
MARKA,2025-03-19
MARKA,2026-03-23
MARMR,2026-04-03
MARMR,2026-04-06
MARTI,2023-11-29
MARTI,2024-01-17
MARTI,2024-02-01
MARTI,2024-02-02
MARTI,2024-11-15
MARTI,2026-04-02
MARTI,2026-04-03
MARTI,2026-04-06
MAVI,2023-12-05
MAVI,2024-01-11
MAVI,2024-03-15
MAVI,2024-03-21
MAVI,2024-11-29
MAVI,2025-03-13
MAVI,2025-03-14
MAVI,2025-12-24
MEDTR,2024-02-12
MEDTR,2024-02-16
MEDTR,2026-01-13
MEDTR,2026-01-14
MEGAP,2024-01-19
MEGAP,2024-01-22
MEGAP,2024-02-14
MEGAP,2024-11-19
MEGAP,2024-11-21
MEGAP,2024-11-22
MEGAP,2025-03-04
MEGAP,2025-03-05
MEGAP,2026-02-23
MEGMT,2025-03-14
MEGMT,2025-03-18
MEGMT,2025-12-09
MEGMT,2025-12-10
MEGMT,2026-01-29
MEKAG,2024-02-01
MEKAG,2024-12-09
MEKAG,2025-04-02
MEKAG,2025-04-14
MEKAG,2026-01-05
MEKAG,2026-01-19
MEKAG,2026-02-24
MEKAG,2026-02-25
MEKAG,2026-03-04
MEPET,2023-12-05
MEPET,2023-12-06
MEPET,2024-01-22
MEPET,2024-01-23
MEPET,2024-02-01
MEPET,2024-02-19
MEPET,2024-02-20
MEPET,2024-02-22
MEPET,2024-02-23
MEPET,2024-02-26
MEPET,2024-12-09
MEPET,2025-01-22
MEPET,2026-01-07
MEPET,2026-01-13
MEPET,2026-01-19
MEPET,2026-01-20
MEPET,2026-02-27
MEPET,2026-03-02
MEPET,2026-03-03
MERCN,2023-11-20
MERCN,2024-02-14
MERCN,2025-01-08
MERCN,2025-01-09
MERCN,2025-01-10
MERCN,2025-03-14
MERCN,2025-03-17
MERCN,2026-02-09
MERCN,2026-02-10
MERIT,2024-01-24
MERIT,2024-02-08
MERIT,2024-04-15
MERIT,2026-01-06
MERKO,2024-01-25
MERKO,2024-01-31
MERKO,2024-02-01
MERKO,2024-02-07
MERKO,2025-01-08
MERKO,2025-01-10
MERKO,2025-04-18
MERKO,2025-12-26
MERKO,2026-01-21
MERKO,2026-02-16
MERKO,2026-03-31
METRO,2024-01-10
METRO,2024-01-16
METRO,2024-04-22
METRO,2024-04-29
METRO,2024-11-26
METRO,2024-11-29
METRO,2024-12-02
METRO,2025-01-24
MGROS,2024-01-22
MGROS,2024-01-23
MGROS,2025-01-29
MGROS,2026-01-06
MGROS,2026-01-16
MHRGY,2024-01-17
MHRGY,2024-01-23
MHRGY,2024-11-19
MHRGY,2024-11-28
MHRGY,2025-04-11
MHRGY,2025-04-14
MIATK,2025-03-06
MIATK,2025-03-10
MIATK,2026-02-16
MMCAS,2024-01-24
MMCAS,2024-03-06
MMCAS,2025-01-02
MMCAS,2025-01-24
MMCAS,2025-03-07
MMCAS,2025-12-08
MNDRS,2024-02-08
MNDRS,2024-02-09
MNDRS,2024-02-13
MNDRS,2024-02-14
MNDRS,2026-01-09
MNDRS,2026-01-12
MNDTR,2024-04-26
MNDTR,2024-12-03
MNDTR,2025-01-03
MNDTR,2025-01-06
MNDTR,2025-01-10
MNDTR,2026-01-22
MOBTL,2023-12-12
MOBTL,2023-12-14
MOBTL,2024-01-29
MOBTL,2024-02-01
MOBTL,2024-04-19
MOBTL,2025-11-24
MOBTL,2026-01-13
MOBTL,2026-01-29
MOBTL,2026-03-30
MOBTL,2026-03-31
MOGAN,2026-01-02
MOGAN,2026-01-16
MOGAN,2026-02-16
MOGAN,2026-02-17
MOGAN,2026-03-24
MOGAN,2026-03-30
MOGAN,2026-04-07
MOPAS,2025-12-10
MOPAS,2025-12-11
MOPAS,2025-12-23
MOPAS,2026-01-23
MOPAS,2026-01-26
MOPAS,2026-03-04
MPARK,2024-02-26
MPARK,2024-02-27
MPARK,2024-11-29
MPARK,2025-12-11
MPARK,2025-12-19
MPARK,2026-01-16
MRGYO,2023-12-04
MRGYO,2024-01-26
MRGYO,2024-04-24
MRGYO,2024-04-25
MRGYO,2026-01-14
MRGYO,2026-04-06
MRSHL,2023-12-08
MRSHL,2024-01-31
MRSHL,2025-12-24
MSGYO,2023-11-17
MSGYO,2023-11-21
MSGYO,2023-11-22
MSGYO,2023-11-23
MSGYO,2024-02-19
MSGYO,2024-04-25
MSGYO,2025-01-06
MSGYO,2025-02-17
MSGYO,2025-02-18
MSGYO,2025-02-27
MSGYO,2025-04-25
MSGYO,2025-12-29
MSGYO,2026-02-16
MSGYO,2026-03-16
MSGYO,2026-03-18
MSGYO,2026-03-24
MTRKS,2023-11-27
MTRKS,2023-12-04
MTRKS,2025-03-03
MTRKS,2025-03-13
MTRKS,2025-03-14
MTRYO,2023-11-24
MTRYO,2024-02-06
MTRYO,2024-02-07
MTRYO,2024-02-21
MTRYO,2024-03-04
MTRYO,2024-03-07
MTRYO,2024-03-08
MTRYO,2025-01-07
MTRYO,2025-04-11
MTRYO,2025-12-17
MTRYO,2025-12-18
MZHLD,2023-12-04
MZHLD,2024-12-02
MZHLD,2025-03-17
MZHLD,2025-04-08
MZHLD,2025-04-09
MZHLD,2026-01-20
NATEN,2024-02-27
NATEN,2024-12-20
NATEN,2024-12-26
NATEN,2024-12-27
NATEN,2024-12-30
NETAS,2024-01-29
NETAS,2024-02-21
NETAS,2024-02-23
NETAS,2024-04-22
NETAS,2026-01-27
NIBAS,2024-02-13
NIBAS,2024-12-09
NIBAS,2025-04-15
NIBAS,2026-02-11
NIBAS,2026-02-19
NIBAS,2026-03-25
NIBAS,2026-03-30
NTGAZ,2023-12-22
NTGAZ,2023-12-26
NTGAZ,2023-12-28
NTGAZ,2023-12-29
NTGAZ,2024-02-12
NTGAZ,2024-04-24
NTGAZ,2024-04-25
NTGAZ,2024-04-26
NTGAZ,2025-03-04
NTGAZ,2025-03-07
NTGAZ,2025-03-12
NTGAZ,2025-03-13
NTGAZ,2025-04-02
NTGAZ,2026-01-22
NTGAZ,2026-01-27
NTHOL,2024-01-15
NTHOL,2024-01-18
NTHOL,2024-01-29
NTHOL,2024-02-23
NTHOL,2026-02-13
NUGYO,2023-11-27
NUGYO,2024-01-26
NUGYO,2024-02-06
NUGYO,2024-02-15
NUGYO,2024-04-19
NUGYO,2024-04-25
NUGYO,2025-01-17
NUGYO,2025-12-23
NUGYO,2025-12-29
NUHCM,2024-01-19
NUHCM,2024-01-30
NUHCM,2024-02-01
NUHCM,2024-11-21
NUHCM,2024-11-22
NUHCM,2024-12-09
NUHCM,2025-03-07
NUHCM,2025-03-17
NUHCM,2026-01-28
NUHCM,2026-03-16
OBAMS,2024-11-19
OBAMS,2024-11-25
OBAMS,2024-12-03
OBAMS,2024-12-04
OBAMS,2024-12-06
OBAMS,2024-12-12
OBAMS,2025-01-30
OBAMS,2025-01-31
OBAMS,2025-04-16
OBAMS,2025-04-17
OBAMS,2025-11-28
OBAMS,2026-01-19
OBASE,2024-02-06
OBASE,2024-02-07
OBASE,2024-02-21
OBASE,2025-01-09
OBASE,2026-01-12
OBASE,2026-01-20
ODAS,2024-02-21
ODAS,2026-01-28
ODINE,2024-04-24
ODINE,2024-12-19
ODINE,2024-12-31
ODINE,2025-02-28
ODINE,2026-02-12
ODINE,2026-02-13
ODINE,2026-03-04
OFSYM,2024-01-12
OFSYM,2024-01-31
OFSYM,2024-04-29
OFSYM,2025-03-10
OFSYM,2025-04-25
OFSYM,2025-12-23
OFSYM,2026-01-09
ONCSM,2024-01-04
ONCSM,2024-01-31
ONCSM,2024-02-05
ONCSM,2024-12-13
ONCSM,2025-01-06
ONCSM,2025-12-02
ONCSM,2026-01-14
ONCSM,2026-04-07
ONRYT,2026-02-10
ORCAY,2023-11-22
ORCAY,2023-11-23
ORCAY,2023-11-24
ORCAY,2024-01-19
ORCAY,2024-11-18
ORCAY,2024-11-20
ORCAY,2025-03-17
ORCAY,2025-04-07
ORCAY,2025-04-08
ORGE,2023-11-20
ORGE,2023-11-21
ORGE,2024-01-16
ORGE,2024-01-31
ORGE,2024-02-01
ORGE,2024-02-07
ORGE,2025-03-11
ORGE,2025-03-12
ORGE,2025-04-22
ORGE,2025-04-24
ORGE,2026-01-19
ORGE,2026-04-06
ORMA,2025-02-19
OSMEN,2024-01-17
OSMEN,2024-02-15
OSMEN,2024-12-18
OSMEN,2025-03-07
OSMEN,2025-03-14
OSMEN,2026-01-23
OSTIM,2024-02-12
OSTIM,2024-02-14
OSTIM,2024-11-27
OSTIM,2024-12-03
OSTIM,2025-01-15
OSTIM,2025-03-26
OSTIM,2025-04-30
OTKAR,2024-01-31
OTKAR,2024-02-09
OTKAR,2025-03-06
OTKAR,2025-03-07
OTKAR,2025-03-14
OTKAR,2025-03-17
OTKAR,2025-03-18
OTKAR,2025-12-08
OTKAR,2026-01-13
OTTO,2024-11-18
OTTO,2024-11-21
OTTO,2024-11-29
OTTO,2025-12-08
OTTO,2025-12-12
OTTO,2026-01-06
OTTO,2026-03-26
OYAKC,2024-01-30
OYAKC,2024-02-21
OYAKC,2024-12-23
OYAKC,2024-12-24
OYAKC,2025-11-26
OYAYO,2024-01-22
OYAYO,2024-02-06
OYAYO,2024-03-04
OYAYO,2024-03-26
OYAYO,2025-04-02
OYAYO,2025-04-03
OYAYO,2025-04-04
OYAYO,2025-04-11
OYAYO,2025-04-14
OYAYO,2026-01-20
OYLUM,2024-02-26
OYLUM,2024-03-01
OYLUM,2024-12-19
OYLUM,2025-04-17
OYLUM,2025-12-24
OYYAT,2024-01-31
OYYAT,2024-02-12
OYYAT,2026-02-17
OYYAT,2026-02-23
OYYAT,2026-02-24
OZATD,2024-11-18
OZATD,2024-11-19
OZATD,2025-02-24
OZATD,2025-03-05
OZATD,2025-04-21
OZATD,2026-02-09
OZATD,2026-02-10
OZATD,2026-02-19
OZATD,2026-02-27
OZGYO,2024-01-24
OZGYO,2024-01-25
OZGYO,2024-02-05
OZGYO,2024-02-23
OZGYO,2024-04-24
OZGYO,2024-12-03
OZGYO,2025-12-18
OZKGY,2023-11-23
OZKGY,2024-02-07
OZKGY,2024-11-15
OZKGY,2024-11-19
OZKGY,2026-02-13
OZKGY,2026-02-16
OZRDN,2024-01-05
OZRDN,2024-01-16
OZRDN,2024-01-17
OZRDN,2024-01-18
OZRDN,2024-01-24
OZRDN,2024-01-26
OZRDN,2025-01-10
OZRDN,2025-03-06
OZRDN,2025-03-07
OZRDN,2025-11-25
OZRDN,2025-11-26
OZRDN,2026-02-06
OZRDN,2026-02-16
OZRDN,2026-02-17
OZRDN,2026-02-20
OZSUB,2023-11-28
OZSUB,2023-12-05
OZSUB,2023-12-06
OZSUB,2024-02-16
OZSUB,2024-02-28
OZSUB,2025-04-16
OZSUB,2025-04-21
OZSUB,2026-01-23
OZSUB,2026-03-11
OZYSR,2025-11-17
PAGYO,2023-11-22
PAGYO,2024-02-08
PAGYO,2026-01-19
PAGYO,2026-02-09
PAGYO,2026-03-13
PAGYO,2026-03-23
PAHOL,2026-01-27
PAMEL,2024-02-06
PAMEL,2025-03-17
PAMEL,2025-04-21
PAMEL,2025-04-25
PAPIL,2023-11-20
PAPIL,2023-11-28
PAPIL,2023-12-04
PAPIL,2024-01-19
PAPIL,2024-02-12
PAPIL,2024-02-21
PAPIL,2025-02-12
PAPIL,2025-03-04
PAPIL,2025-03-05
PAPIL,2025-03-06
PAPIL,2025-04-29
PAPIL,2025-12-12
PARSN,2024-01-25
PARSN,2024-02-08
PARSN,2024-02-16
PARSN,2024-02-23
PARSN,2024-11-25
PARSN,2025-12-18
PASEU,2024-02-12
PASEU,2024-04-09
PASEU,2024-12-11
PASEU,2025-03-17
PASEU,2025-11-24
PASEU,2026-01-13
PASEU,2026-01-27
PATEK,2024-03-13
PATEK,2025-03-06
PCILT,2023-11-21
PCILT,2023-11-27
PCILT,2024-02-12
PCILT,2024-03-04
PCILT,2024-04-30
PCILT,2024-12-27
PCILT,2026-02-16
PCILT,2026-03-02
PCILT,2026-03-17
PEKGY,2023-11-24
PEKGY,2023-11-27
PEKGY,2024-02-05
PEKGY,2024-12-02
PEKGY,2024-12-03
PEKGY,2025-02-11
PEKGY,2025-02-12
PEKGY,2025-12-26
PEKGY,2026-02-23
PENGD,2024-01-22
PENGD,2024-02-16
PENGD,2024-04-18
PENGD,2024-04-19
PENGD,2024-11-19
PENGD,2025-01-22
PENGD,2025-03-14
PENGD,2026-01-26
PENGD,2026-01-27
PENGD,2026-02-17
PENGD,2026-03-27
PENGD,2026-04-01
PENTA,2023-11-20
PENTA,2024-02-01
PENTA,2024-02-07
PENTA,2024-12-09
PENTA,2026-02-17
PETKM,2024-01-26
PETKM,2024-02-06
PETKM,2025-03-06
PETKM,2026-01-22
PETUN,2024-01-24
PETUN,2024-02-05
PETUN,2024-02-08
PETUN,2024-02-12
PETUN,2024-02-21
PETUN,2024-04-15
PETUN,2024-12-06
PETUN,2026-01-16
PGSUS,2024-01-15
PGSUS,2024-01-26
PGSUS,2024-02-15
PGSUS,2024-04-24
PGSUS,2025-01-28
PGSUS,2026-02-12
PINSU,2023-11-21
PINSU,2023-11-23
PINSU,2024-01-29
PINSU,2024-02-22
PINSU,2024-12-02
PINSU,2025-01-27
PINSU,2025-03-03
PINSU,2025-11-27
PINSU,2026-03-23
PKART,2023-11-15
PKART,2023-11-27
PKART,2024-01-18
PKART,2024-01-22
PKART,2024-01-23
PKART,2024-03-18
PKART,2024-12-05
PKART,2025-01-27
PKART,2025-12-26
PKENT,2024-02-16
PKENT,2024-02-20
PKENT,2026-02-10
PKENT,2026-02-13
PLTUR,2024-01-29
PLTUR,2024-02-12
PLTUR,2024-03-01
PLTUR,2024-03-04
PLTUR,2024-11-20
PLTUR,2024-12-02
PNLSN,2024-01-16
PNLSN,2024-01-23
PNLSN,2024-01-30
PNLSN,2024-01-31
PNLSN,2024-12-09
PNLSN,2024-12-23
PNLSN,2024-12-24
PNLSN,2026-02-04
PNLSN,2026-02-24
PNLSN,2026-02-25
PNSUT,2024-01-24
PNSUT,2024-01-25
PNSUT,2024-02-05
PNSUT,2024-02-22
PNSUT,2024-03-01
PNSUT,2024-03-04
PNSUT,2024-04-29
PNSUT,2026-01-30
PNSUT,2026-04-06
PNSUT,2026-04-07
POLHO,2024-02-15
POLHO,2024-03-29
POLHO,2024-04-01
POLHO,2024-11-25
POLHO,2024-12-02
POLHO,2024-12-03
POLHO,2024-12-09
POLHO,2025-02-20
POLHO,2025-03-17
POLHO,2025-03-27
POLHO,2025-03-28
POLHO,2026-01-27
POLHO,2026-03-11
POLHO,2026-03-17
POLTK,2023-11-20
POLTK,2023-11-21
POLTK,2024-01-09
POLTK,2024-01-10
POLTK,2024-01-29
POLTK,2024-01-30
POLTK,2024-11-25
POLTK,2024-11-26
POLTK,2025-12-19
POLTK,2025-12-22
POLTK,2025-12-24
PRDGS,2024-01-26
PRDGS,2024-02-16
PRDGS,2024-12-16
PRDGS,2026-01-09
PRKAB,2023-11-28
PRKAB,2024-01-30
PRKAB,2024-02-16
PRKAB,2024-12-16
PRKAB,2026-01-13
PRKAB,2026-01-26
PRKAB,2026-01-27
PRKAB,2026-01-28
PRKAB,2026-02-04
PRKAB,2026-02-05
PRKME,2024-01-25
PRKME,2024-02-09
PRKME,2024-04-18
PRKME,2024-04-22
PRKME,2024-12-09
PRKME,2024-12-24
PRKME,2024-12-27
PRKME,2024-12-30
PRKME,2025-12-22
PRKME,2025-12-23
PRKME,2026-01-27
PRKME,2026-01-28
PRZMA,2024-02-06
PRZMA,2024-02-19
PRZMA,2024-03-05
PRZMA,2025-03-10
PRZMA,2025-03-14
PRZMA,2025-03-17
PRZMA,2026-01-19
PRZMA,2026-03-09
PSDTC,2024-01-17
PSDTC,2024-01-25
PSDTC,2024-02-08
PSDTC,2024-02-23
PSDTC,2024-02-26
PSDTC,2024-03-04
PSDTC,2024-03-26
PSDTC,2024-04-30
PSDTC,2024-12-04
PSDTC,2024-12-16
PSDTC,2025-03-05
PSGYO,2024-01-15
PSGYO,2024-01-16
PSGYO,2024-01-17
PSGYO,2024-02-14
PSGYO,2024-02-15
PSGYO,2024-02-16
PSGYO,2024-02-21
PSGYO,2024-02-22
PSGYO,2024-02-23
PSGYO,2025-01-03
PSGYO,2025-03-11
PSGYO,2025-03-17
PSGYO,2026-01-21
PSGYO,2026-03-25
PSGYO,2026-03-26
QNBFK,2026-01-12
QNBTR,2024-02-29
QNBTR,2024-03-04
QNBTR,2024-04-24
QNBTR,2024-04-30
QNBTR,2025-03-19
QNBTR,2025-03-20
QNBTR,2026-01-09
QUAGR,2024-11-25
QUAGR,2025-03-06
QUAGR,2025-03-12
QUAGR,2025-03-14
QUAGR,2025-04-14
QUAGR,2026-02-12
RALYH,2023-11-17
RALYH,2024-01-02
RALYH,2024-01-03
RALYH,2024-01-12
RALYH,2024-03-05
RALYH,2024-03-06
RALYH,2025-01-20
RALYH,2025-01-21
RALYH,2025-04-15
RALYH,2025-11-21
RALYH,2025-12-26
RALYH,2026-03-27
RAYSG,2023-11-30
RAYSG,2024-01-15
RAYSG,2024-02-01
RAYSG,2024-03-01
RAYSG,2024-03-04
RAYSG,2024-03-05
RAYSG,2024-03-07
RAYSG,2024-11-22
RAYSG,2024-11-25
RAYSG,2025-01-15
RAYSG,2025-01-17
RAYSG,2025-01-21
RAYSG,2025-01-23
RAYSG,2026-02-17
REEDR,2023-11-16
REEDR,2024-02-02
REEDR,2026-03-17
REEDR,2026-03-18
REEDR,2026-03-19
RGYAS,2024-11-22
RGYAS,2024-12-06
RGYAS,2025-11-20
RGYAS,2026-01-13
RNPOL,2023-11-16
RNPOL,2023-11-20
RNPOL,2023-12-01
RNPOL,2023-12-08
RNPOL,2024-02-12
RNPOL,2024-02-14
RNPOL,2025-01-08
RNPOL,2025-04-10
RNPOL,2025-04-18
RNPOL,2025-04-21
RNPOL,2025-11-17
RNPOL,2025-11-20
RNPOL,2025-11-25
RNPOL,2026-01-14
RNPOL,2026-01-15
RNPOL,2026-04-02
RNPOL,2026-04-03
RNPOL,2026-04-06
RODRG,2023-11-20
RODRG,2024-02-07
RODRG,2024-02-15
RODRG,2024-02-19
RODRG,2024-02-20
RODRG,2024-02-21
RODRG,2024-02-29
RODRG,2024-12-06
RTALB,2023-12-04
RTALB,2023-12-05
RTALB,2025-01-07
RTALB,2026-02-17
RUBNS,2023-11-20
RUBNS,2024-01-26
RUBNS,2024-02-06
RUBNS,2024-04-22
RUBNS,2024-04-24
RUBNS,2024-04-25
RUBNS,2025-12-30
RUBNS,2026-01-14
RUBNS,2026-01-16
RUBNS,2026-03-31
RUBNS,2026-04-01
RUZYE,2026-01-23
RUZYE,2026-01-28
RYGYO,2023-12-01
RYGYO,2023-12-04
RYGYO,2024-03-18
RYGYO,2024-04-16
RYGYO,2024-11-26
RYGYO,2024-11-27
RYGYO,2026-01-06
RYGYO,2026-01-07
RYGYO,2026-01-15
RYSAS,2024-03-19
RYSAS,2024-03-25
RYSAS,2024-04-15
RYSAS,2024-11-19
RYSAS,2024-12-17
RYSAS,2024-12-20
RYSAS,2025-12-18
RYSAS,2025-12-22
RYSAS,2026-01-19
RYSAS,2026-02-05
RYSAS,2026-02-26
SAFKR,2023-11-28
SAFKR,2023-11-29
SAFKR,2024-01-16
SAFKR,2024-01-17
SAFKR,2024-01-18
SAFKR,2024-01-25
SAFKR,2024-01-26
SAFKR,2024-04-15
SAFKR,2025-02-18
SAFKR,2025-02-20
SAFKR,2025-02-21
SAFKR,2025-02-24
SAFKR,2025-04-17
SAFKR,2025-12-19
SAFKR,2026-03-30
SAHOL,2023-12-15
SAHOL,2024-02-07
SAHOL,2025-01-06
SAHOL,2026-01-29
SAMAT,2023-11-16
SAMAT,2023-11-17
SAMAT,2023-11-21
SAMAT,2024-01-16
SAMAT,2024-11-27
SAMAT,2025-01-07
SAMAT,2025-01-08
SAMAT,2025-12-15
SAMAT,2026-02-10
SANEL,2024-01-02
SANEL,2024-01-03
SANEL,2024-01-04
SANEL,2024-01-16
SANEL,2024-01-17
SANEL,2024-03-06
SANEL,2024-11-27
SANEL,2025-01-22
SANEL,2025-04-02
SANEL,2025-11-20
SANEL,2026-01-09
SANEL,2026-02-05
SANFM,2023-11-15
SANFM,2023-11-23
SANFM,2024-12-16
SANFM,2024-12-17
SANFM,2024-12-19
SANFM,2024-12-20
SANFM,2025-12-17
SANFM,2025-12-24
SANFM,2026-02-26
SANKO,2023-11-23
SANKO,2024-01-25
SANKO,2024-01-26
SANKO,2024-01-31
SANKO,2024-02-01
SANKO,2024-02-12
SANKO,2024-02-16
SANKO,2026-01-22
SARKY,2023-12-08
SARKY,2024-02-01
SARKY,2024-02-08
SARKY,2024-04-22
SARKY,2025-03-13
SARKY,2025-03-14
SARKY,2025-12-05
SARKY,2025-12-12
SARKY,2026-01-05
SARKY,2026-01-06
SARKY,2026-01-09
SARKY,2026-01-29
SASA,2023-11-28
SASA,2023-11-29
SASA,2024-02-15
SASA,2025-03-11
SASA,2025-04-15
SAYAS,2024-02-05
SAYAS,2024-02-07
SAYAS,2026-02-10
SDTTR,2024-01-23
SDTTR,2024-02-06
SDTTR,2025-12-09
SDTTR,2026-01-08
SDTTR,2026-01-15
SDTTR,2026-02-19
SEGMN,2024-12-05
SEGMN,2024-12-11
SEGMN,2024-12-13
SEGMN,2025-03-03
SEGMN,2025-04-02
SEGMN,2025-04-04
SEGMN,2025-04-07
SEGMN,2026-01-13
SEGMN,2026-01-14
SEGMN,2026-02-05
SEGYO,2023-11-20
SEGYO,2024-01-16
SEGYO,2024-04-25
SEGYO,2025-01-02
SEGYO,2025-03-03
SEGYO,2025-04-11
SEGYO,2025-04-14
SEGYO,2026-02-11
SEKFK,2024-01-19
SEKFK,2024-02-12
SEKFK,2024-02-14
SEKFK,2024-03-08
SEKFK,2024-12-02
SEKFK,2025-03-14
SEKFK,2025-03-17
SEKFK,2026-01-27
SEKFK,2026-01-29
SEKFK,2026-02-04
SEKUR,2024-01-12
SEKUR,2024-01-15
SEKUR,2024-01-29
SEKUR,2024-01-30
SEKUR,2024-02-28
SEKUR,2024-03-04
SEKUR,2025-03-14
SEKUR,2025-04-02
SEKUR,2025-04-04
SEKUR,2025-04-29
SEKUR,2025-04-30
SEKUR,2026-02-04
SEKUR,2026-02-23
SEKUR,2026-03-31
SEKUR,2026-04-01
SELEC,2023-12-27
SELEC,2025-03-18
SELEC,2025-12-29
SELEC,2025-12-30
SELEC,2025-12-31
SELVA,2024-02-15
SELVA,2024-12-02
SELVA,2025-01-10
SELVA,2025-01-22
SELVA,2025-01-28
SERNT,2025-04-10
SERNT,2026-01-27
SEYKM,2024-01-30
SEYKM,2024-04-22
SEYKM,2024-04-30
SEYKM,2025-02-24
SEYKM,2026-01-19
SILVR,2024-01-31
SILVR,2024-02-20
SILVR,2024-02-22
SILVR,2024-02-23
SILVR,2024-04-19
SILVR,2026-01-27
SISE,2023-11-29
SISE,2024-01-26
SISE,2024-02-01
SISE,2024-02-08
SISE,2024-04-26
SISE,2024-12-09
SISE,2024-12-20
SISE,2025-03-06
SISE,2025-12-08
SISE,2026-01-26
SISE,2026-01-29
SISE,2026-03-23
SKBNK,2024-11-26
SKBNK,2024-11-27
SKBNK,2024-12-06
SKBNK,2025-01-10
SKBNK,2025-03-13
SKBNK,2025-04-07
SKBNK,2026-01-15
SKBNK,2026-01-30
SKTAS,2023-11-30
SKTAS,2023-12-01
SKTAS,2023-12-04
SKTAS,2024-04-22
SKTAS,2024-12-09
SKTAS,2025-04-02
SKYLP,2024-01-08
SKYLP,2024-01-11
SKYLP,2024-02-27
SKYLP,2024-12-05
SKYLP,2024-12-16
SKYLP,2026-02-03
SKYMD,2024-01-29
SKYMD,2024-12-12
SKYMD,2024-12-16
SKYMD,2024-12-19
SKYMD,2024-12-20
SKYMD,2024-12-23
SKYMD,2025-02-05
SKYMD,2025-02-11
SKYMD,2026-03-30
SMART,2023-11-21
SMART,2024-02-05
SMART,2024-02-06
SMART,2024-02-26
SMART,2025-01-23
SMART,2025-01-27
SMART,2025-12-16
SMART,2026-02-11
SMRTG,2024-12-09
SMRVA,2025-02-11
SMRVA,2025-03-27
SMRVA,2025-11-26
SNGYO,2023-11-30
SNGYO,2024-01-16
SNGYO,2024-01-26
SNGYO,2024-02-12
SNGYO,2024-02-21
SNICA,2024-04-18
SNICA,2024-04-22
SNICA,2024-12-10
SNPAM,2024-11-22
SODSN,2024-01-29
SOKE,2024-01-17
SOKE,2024-02-12
SOKE,2024-02-16
SOKE,2025-02-13
SOKE,2026-01-26
SOKE,2026-01-28
SOKE,2026-03-09
SOKM,2024-01-24
SOKM,2025-03-13
SOKM,2026-01-06
SOKM,2026-01-16
SONME,2023-11-20
SONME,2024-04-24
SONME,2024-04-29
SONME,2024-04-30
SONME,2024-11-26
SONME,2024-12-13
SONME,2024-12-16
SONME,2025-04-04
SONME,2025-04-07
SONME,2025-04-11
SONME,2025-04-14
SONME,2025-12-25
SONME,2025-12-31
SONME,2026-01-02
SRVGY,2023-12-13
SRVGY,2024-12-17
SRVGY,2026-02-16
SRVGY,2026-02-17
SUMAS,2024-01-10
SUMAS,2024-01-29
SUMAS,2024-02-29
SUMAS,2024-03-08
SUMAS,2024-03-14
SUMAS,2024-03-15
SUMAS,2024-04-18
SUMAS,2024-11-25
SUMAS,2024-12-11
SUMAS,2025-04-03
SUMAS,2025-12-10
SUNTK,2023-12-26
SUNTK,2023-12-27
SUNTK,2023-12-28
SUNTK,2024-02-06
SUNTK,2024-12-25
SUNTK,2025-01-13
SUNTK,2025-12-09
SUNTK,2025-12-17
SUNTK,2025-12-18
SUNTK,2025-12-19
SUNTK,2025-12-22
SUNTK,2025-12-23
SURGY,2025-03-10
SURGY,2025-04-30
SURGY,2026-01-27
SURGY,2026-02-03
SURGY,2026-02-10
SURGY,2026-02-13
SURGY,2026-02-17
SUWEN,2024-02-12
SUWEN,2025-04-18
TABGD,2024-04-22
TABGD,2024-11-15
TABGD,2026-01-16
TARKM,2026-01-19
TARKM,2026-01-29
TARKM,2026-01-30
TATEN,2024-01-17
TATEN,2024-01-31
TATEN,2024-11-21
TATEN,2024-11-26
TATEN,2024-12-17
TATEN,2025-01-16
TATEN,2025-01-17
TATEN,2025-12-12
TATEN,2026-03-10
TATEN,2026-03-11
TATEN,2026-03-12
TATGD,2024-02-07
TATGD,2024-02-08
TATGD,2024-02-15
TATGD,2024-12-09
TATGD,2025-03-11
TATGD,2026-02-13
TAVHL,2024-02-15
TAVHL,2024-02-16
TAVHL,2024-02-20
TAVHL,2024-04-08
TAVHL,2024-04-26
TAVHL,2024-04-29
TBORG,2024-02-08
TBORG,2024-04-24
TBORG,2024-04-26
TBORG,2024-12-11
TBORG,2025-03-03
TBORG,2025-03-05
TBORG,2025-03-06
TBORG,2025-03-11
TBORG,2025-03-12
TBORG,2026-02-02
TCELL,2026-01-22
TCKRC,2025-02-12
TCKRC,2025-12-05
TCKRC,2026-01-20
TDGYO,2024-01-10
TDGYO,2024-01-18
TDGYO,2024-01-19
TDGYO,2024-04-04
TDGYO,2025-01-27
TDGYO,2025-01-29
TDGYO,2025-02-07
TDGYO,2025-02-10
TDGYO,2025-02-11
TDGYO,2025-12-11
TDGYO,2025-12-12
TDGYO,2026-01-06
TDGYO,2026-03-26
TEHOL,2024-01-08
TEHOL,2024-01-09
TEHOL,2024-01-10
TEHOL,2024-01-11
TEHOL,2024-01-12
TEHOL,2024-04-08
TEHOL,2024-12-17
TEHOL,2024-12-19
TEHOL,2024-12-20
TEHOL,2024-12-23
TEHOL,2025-02-20
TEHOL,2025-02-24
TEHOL,2025-02-27
TEHOL,2025-12-24
TEHOL,2026-03-12
TEKTU,2024-01-31
TEKTU,2024-02-06
TEKTU,2026-04-06
TERA,2023-11-23
TERA,2024-11-21
TERA,2025-01-20
TERA,2025-01-22
TERA,2025-03-11
TERA,2025-03-12
TERA,2025-04-29
TEZOL,2023-11-24
TEZOL,2024-01-22
TEZOL,2024-02-05
TEZOL,2024-02-08
TEZOL,2024-02-09
TEZOL,2025-01-07
TEZOL,2025-02-07
TEZOL,2026-01-26
TEZOL,2026-01-28
TEZOL,2026-02-06
TEZOL,2026-03-09
TEZOL,2026-03-23
TGSAS,2023-11-28
TGSAS,2023-11-29
TGSAS,2024-01-17
TGSAS,2024-02-01
TGSAS,2024-02-08
TGSAS,2024-02-15
TGSAS,2024-02-16
TGSAS,2024-03-01
TGSAS,2024-03-05
TGSAS,2024-03-08
TGSAS,2024-04-24
TGSAS,2024-12-06
TGSAS,2025-03-03
TGSAS,2025-03-10
TGSAS,2025-04-28
TGSAS,2026-02-16
TGSAS,2026-02-17
THYAO,2023-11-21
THYAO,2024-01-29
THYAO,2024-11-25
THYAO,2025-03-06
THYAO,2026-01-06
TKFEN,2023-11-21
TKFEN,2024-01-31
TKFEN,2024-02-01
TKFEN,2024-04-19
TKFEN,2025-03-10
TKFEN,2025-03-11
TKFEN,2025-03-12
TKFEN,2025-03-21
TKFEN,2025-12-25
TKFEN,2026-01-28
TKFEN,2026-03-26
TKFEN,2026-03-27
TKNSA,2024-02-16
TKNSA,2024-02-23
TKNSA,2024-02-26
TKNSA,2024-11-29
TKNSA,2024-12-23
TKNSA,2025-03-11
TKNSA,2026-01-19
TLMAN,2023-11-20
TLMAN,2024-02-01
TLMAN,2024-02-06
TLMAN,2024-02-28
TLMAN,2024-03-01
TLMAN,2024-04-18
TLMAN,2025-12-08
TLMAN,2026-01-22
TMPOL,2024-02-02
TMPOL,2024-02-07
TMPOL,2024-02-13
TMPOL,2024-12-13
TMPOL,2025-01-27
TMPOL,2025-04-18
TMPOL,2025-12-01
TMPOL,2026-03-09
TMPOL,2026-03-10
TMSN,2024-02-08
TMSN,2024-02-14
TMSN,2024-02-23
TMSN,2024-02-27
TMSN,2025-01-03
TMSN,2026-01-15
TMSN,2026-01-29
TNZTP,2024-01-19
TNZTP,2024-04-08
TNZTP,2025-03-10
TNZTP,2025-03-12
TNZTP,2026-01-02
TNZTP,2026-01-06
TNZTP,2026-01-08
TOASO,2024-01-15
TOASO,2024-02-23
TOASO,2025-04-21
TOASO,2026-01-22
TRALT,2026-01-13
TRCAS,2024-01-05
TRCAS,2024-01-08
TRCAS,2024-01-23
TRCAS,2024-02-06
TRCAS,2024-02-14
TRCAS,2024-04-15
TRCAS,2024-04-16
TRCAS,2024-12-05
TRCAS,2024-12-06
TRCAS,2025-01-29
TRCAS,2025-03-11
TRCAS,2025-03-12
TRCAS,2026-02-04
TRCAS,2026-02-11
TRGYO,2024-01-17
TRGYO,2024-01-22
TRGYO,2024-03-07
TRGYO,2024-03-08
TRGYO,2024-11-21
TRGYO,2024-12-03
TRGYO,2026-01-06
TRGYO,2026-01-12
TRHOL,2023-11-22
TRHOL,2023-12-12
TRHOL,2023-12-13
TRHOL,2024-02-08
TRHOL,2024-03-04
TRHOL,2024-03-05
TRHOL,2024-03-06
TRHOL,2024-04-17
TRHOL,2024-04-18
TRHOL,2024-12-06
TRHOL,2025-04-30
TRHOL,2025-12-01
TRHOL,2026-03-25
TRHOL,2026-03-26
TRILC,2023-12-05
TRILC,2024-02-07
TRILC,2024-03-21
TRILC,2024-03-26
TRILC,2024-04-08
TRILC,2025-01-06
TRILC,2025-02-11
TRILC,2025-02-12
TRMET,2026-02-23
TSGYO,2024-02-06
TSGYO,2024-02-16
TSGYO,2024-02-23
TSGYO,2024-02-26
TSGYO,2024-02-27
TSGYO,2025-03-19
TSGYO,2026-01-29
TSGYO,2026-02-16
TSKB,2024-01-26
TSKB,2024-02-07
TSKB,2024-02-08
TSKB,2024-04-24
TSKB,2026-01-06
TSPOR,2024-02-09
TSPOR,2024-04-19
TSPOR,2024-04-22
TSPOR,2024-04-25
TSPOR,2025-03-18
TTKOM,2023-12-07
TTKOM,2024-01-12
TTKOM,2024-01-26
TTKOM,2025-01-23
TTKOM,2026-01-15
TTRAK,2025-03-06
TTRAK,2025-03-10
TTRAK,2025-03-12
TTRAK,2025-03-13
TTRAK,2025-03-17
TTRAK,2026-01-06
TUCLK,2023-11-24
TUCLK,2024-01-29
TUCLK,2024-01-31
TUCLK,2024-02-12
TUCLK,2025-04-21
TUCLK,2025-04-29
TUKAS,2024-01-31
TUKAS,2024-12-06
TUKAS,2025-03-11
TUPRS,2024-02-12
TUPRS,2024-12-04
TUPRS,2026-01-13
TUPRS,2026-01-14
TUREX,2023-11-22
TUREX,2023-11-29
TUREX,2024-01-29
TUREX,2024-02-05
TUREX,2024-02-15
TUREX,2024-04-26
TUREX,2025-03-24
TUREX,2025-03-25
TUREX,2025-04-03
TUREX,2026-01-23
TURGG,2024-02-20
TURGG,2025-03-12
TURGG,2026-02-12
TURGG,2026-02-17
TURSG,2024-01-05
TURSG,2024-01-08
TURSG,2024-04-05
TURSG,2024-12-05
TURSG,2024-12-23
TURSG,2024-12-30
TURSG,2024-12-31
TURSG,2026-03-13
UFUK,2024-01-26
UFUK,2024-01-29
UFUK,2024-01-30
UFUK,2024-01-31
UFUK,2024-02-09
UFUK,2024-02-12
UFUK,2024-02-13
UFUK,2024-04-15
UFUK,2024-12-06
UFUK,2025-02-25
UFUK,2025-04-25
UFUK,2025-12-22
UFUK,2025-12-23
UFUK,2026-02-20
ULAS,2024-01-17
ULAS,2024-11-27
ULAS,2024-11-29
ULAS,2026-02-17
ULAS,2026-03-27
ULAS,2026-03-30
ULAS,2026-03-31
ULKER,2024-01-24
ULKER,2024-02-06
ULKER,2024-02-08
ULKER,2024-04-29
ULKER,2025-03-11
ULKER,2025-12-09
ULKER,2026-01-13
ULKER,2026-01-15
ULKER,2026-01-16
ULUFA,2024-02-26
ULUFA,2024-04-24
ULUFA,2024-12-06
ULUFA,2025-01-06
ULUFA,2025-04-17
ULUFA,2026-02-02
ULUFA,2026-02-03
ULUFA,2026-03-25
ULUSE,2023-11-21
ULUSE,2024-02-22
ULUSE,2024-03-05
ULUSE,2024-11-28
ULUSE,2026-01-15
ULUSE,2026-01-23
ULUSE,2026-01-29
ULUUN,2024-02-16
ULUUN,2025-03-17
ULUUN,2026-01-19
ULUUN,2026-03-09
UNLU,2024-01-25
UNLU,2024-02-01
UNLU,2024-11-15
UNLU,2025-03-04
UNLU,2025-12-17
USAK,2024-02-15
USAK,2024-12-06
USAK,2025-03-18
USAK,2025-04-24
VAKBN,2024-01-08
VAKBN,2024-04-04
VAKBN,2024-04-05
VAKBN,2024-04-24
VAKBN,2024-11-21
VAKBN,2025-03-07
VAKBN,2025-03-14
VAKBN,2025-12-01
VAKBN,2025-12-02
VAKBN,2026-02-12
VAKFA,2026-01-20
VAKFN,2023-11-22
VAKFN,2024-01-24
VAKFN,2024-01-26
VAKFN,2024-12-10
VAKFN,2025-01-06
VAKFN,2025-03-07
VAKFN,2025-03-14
VAKKO,2024-02-01
VAKKO,2024-04-22
VAKKO,2024-11-25
VAKKO,2026-02-09
VAKKO,2026-02-16
VAKKO,2026-02-24
VAKKO,2026-03-30
VANGD,2024-11-26
VANGD,2025-01-22
VANGD,2025-04-24
VANGD,2025-04-25
VANGD,2025-04-28
VANGD,2025-12-04
VANGD,2025-12-05
VBTYZ,2023-11-17
VBTYZ,2025-12-25
VBTYZ,2026-01-26
VBTYZ,2026-02-06
VERTU,2023-11-23
VERTU,2023-11-24
VERTU,2024-01-31
VERTU,2024-02-05
VERTU,2024-02-06
VERTU,2024-04-26
VERTU,2025-04-11
VERUS,2024-02-16
VERUS,2024-11-27
VERUS,2024-12-31
VERUS,2025-04-25
VERUS,2025-04-28
VERUS,2026-03-03
VERUS,2026-03-04
VERUS,2026-03-12
VESBE,2024-01-26
VESBE,2024-02-06
VESBE,2025-03-07
VESTL,2024-01-29
VESTL,2024-01-30
VESTL,2024-02-02
VESTL,2024-02-09
VESTL,2024-12-04
VESTL,2024-12-09
VKFYO,2023-12-05
VKFYO,2024-01-08
VKFYO,2024-01-09
VKFYO,2024-01-11
VKFYO,2024-01-12
VKFYO,2025-01-24
VKFYO,2025-03-14
VKFYO,2025-03-17
VKFYO,2025-11-27
VKFYO,2025-12-04
VKFYO,2025-12-05
VKFYO,2025-12-10
VKFYO,2026-01-19
VKFYO,2026-01-20
VKGYO,2024-01-26
VKGYO,2024-11-19
VKGYO,2025-03-13
VKGYO,2025-03-17
VKGYO,2026-01-16
VKGYO,2026-01-20
VKGYO,2026-01-21
VKING,2024-03-01
VKING,2024-12-04
VKING,2024-12-10
VKING,2025-04-07
VKING,2026-02-02
VRGYO,2024-01-12
VRGYO,2024-01-18
VRGYO,2024-03-26
VRGYO,2025-01-03
VSNMD,2026-01-20
YAPRK,2023-12-11
YAPRK,2024-01-30
YAPRK,2024-01-31
YAPRK,2024-04-26
YAPRK,2024-11-19
YAPRK,2024-11-20
YAPRK,2024-12-19
YAPRK,2025-01-09
YAPRK,2025-01-15
YAPRK,2025-01-20
YAPRK,2025-03-05
YAPRK,2025-12-08
YAPRK,2025-12-17
YAPRK,2026-02-12
YATAS,2024-01-24
YATAS,2024-01-25
YATAS,2024-04-24
YATAS,2025-12-15
YATAS,2025-12-23
YATAS,2026-01-02
YATAS,2026-01-26
YAYLA,2023-12-07
YAYLA,2024-01-16
YAYLA,2024-01-18
YAYLA,2024-02-27
YAYLA,2024-11-27
YAYLA,2024-11-29
YAYLA,2024-12-02
YAYLA,2025-02-11
YAYLA,2025-02-25
YAYLA,2025-12-01
YAYLA,2026-01-21
YBTAS,2023-11-16
YBTAS,2024-03-01
YBTAS,2025-03-13
YBTAS,2025-03-19
YBTAS,2025-03-25
YBTAS,2026-03-11
YBTAS,2026-03-12
YEOTK,2024-01-09
YEOTK,2024-02-23
YEOTK,2025-03-06
YEOTK,2025-03-07
YEOTK,2026-01-15
YEOTK,2026-01-16
YEOTK,2026-01-23
YEOTK,2026-03-12
YESIL,2024-01-19
YESIL,2024-02-01
YESIL,2024-04-22
YESIL,2024-04-24
YESIL,2024-11-18
YESIL,2024-11-25
YESIL,2024-11-29
YGGYO,2024-02-07
YGGYO,2024-02-08
YGGYO,2024-12-04
YGGYO,2024-12-05
YGGYO,2025-01-31
YGGYO,2025-02-03
YGGYO,2025-04-02
YGGYO,2025-04-14
YGGYO,2026-02-13
YGGYO,2026-03-11
YGGYO,2026-03-12
YGGYO,2026-03-13
YGGYO,2026-03-17
YIGIT,2024-11-28
YIGIT,2025-03-14
YIGIT,2026-01-27
YIGIT,2026-04-03
YKBNK,2023-11-27
YKBNK,2024-03-21
YKBNK,2024-11-22
YKBNK,2025-01-21
YKBNK,2026-01-29
YONGA,2024-01-29
YONGA,2024-02-15
YONGA,2024-02-20
YONGA,2024-02-22
YONGA,2024-04-26
YONGA,2025-04-04
YONGA,2025-12-11
YUNSA,2024-01-05
YUNSA,2025-03-17
YUNSA,2026-01-22
YUNSA,2026-02-09
YYAPI,2024-01-19
YYAPI,2024-02-02
YYAPI,2024-04-22
YYAPI,2024-11-15
YYAPI,2024-11-18
YYAPI,2024-11-25
YYAPI,2024-11-28
YYLGD,2024-01-30
YYLGD,2024-12-06
YYLGD,2024-12-09
YYLGD,2026-01-09
YYLGD,2026-01-15
ZEDUR,2023-12-11
ZEDUR,2024-01-29
ZEDUR,2024-02-07
ZEDUR,2024-12-09
ZEDUR,2026-01-27
ZEDUR,2026-02-17
ZOREN,2024-01-29
ZOREN,2024-02-16
ZOREN,2026-01-26
ZOREN,2026-02-03
ZRGYO,2024-01-11
ZRGYO,2024-02-26
ZRGYO,2024-04-16
ZRGYO,2024-04-29
ZRGYO,2024-11-19
ZRGYO,2024-11-25
ZRGYO,2025-01-24
ZRGYO,2025-03-03
ZRGYO,2025-12-15
ZRGYO,2026-01-09
